show_id,type
81214114,Movie
80233408,Movie
81006825,Movie
81127902,Movie
81060049,Movie
81088083,Movie
81154455,Movie
81132437,Movie
81078908,Movie
81155784,Movie
81054495,Movie
80200087,Movie
81053892,Movie
80231903,Movie
81177238,Movie
81075519,Movie
81186758,Movie
81186757,Movie
81053953,Movie
81074113,Movie
81176200,Movie
80243600,Movie
81122669,Movie
81107545,Movie
81147293,Movie
80991316,Movie
81030342,Movie
81131761,Movie
81093951,Movie
80238013,Movie
81092328,Movie
81183572,Movie
80244973,Movie
81161230,Movie
81002412,Movie
81060174,Movie
81001494,Movie
81165769,Movie
81158575,Movie
80244311,Movie
81183570,Movie
80995737,Movie
81177367,Movie
81158574,Movie
80237905,Movie
81132440,Movie
81021243,Movie
81084225,Movie
81177371,Movie
81148672,Movie
81123469,Movie
80202352,Movie
81136744,Movie
80182014,Movie
81121023,Movie
81018455,Movie
81034741,Movie
81075461,Movie
80186796,Movie
81027753,Movie
81094801,Movie
80206910,Movie
80990336,Movie
80994011,Movie
80998890,Movie
81053240,Movie
81191228,Movie
80990869,Movie
81034012,Movie
81078819,Movie
80223997,Movie
81191666,Movie
81133621,Movie
81038598,Movie
81171871,Movie
81103033,Movie
81002876,Movie
80201542,Movie
81079723,Movie
81092045,Movie
81209203,Movie
81058497,Movie
81165326,Movie
81053961,Movie
81206389,Movie
81197050,Movie
81213894,Movie
81082007,Movie
81120982,Movie
81033086,Movie
81194544,Movie
80995081,Movie
81177504,Movie
80175798,Movie
81062293,Movie
80235524,Movie
81215481,Movie
81218079,Movie
80198859,Movie
81218074,Movie
81026188,Movie
80221584,Movie
81217738,Movie
80244683,Movie
81217739,Movie
81073633,Movie
80244457,Movie
81196441,Movie
81162089,Movie
81217737,Movie
81076114,Movie
80183187,Movie
81156627,Movie
81096745,Movie
81078466,Movie
81152923,Movie
80245356,Movie
81024100,Movie
81154982,Movie
81189912,Movie
80231468,Movie
81152930,Movie
81030409,Movie
80182016,Movie
81150305,Movie
81067760,Movie
80202874,Movie
80993095,Movie
80237006,Movie
81111849,Movie
81010699,Movie
81031939,Movie
81028570,Movie
80999729,Movie
81046255,Movie
80218306,Movie
80211638,Movie
81036190,Movie
81011598,Movie
81043473,Movie
81061407,Movie
80236341,Movie
81041271,Movie
80216758,Movie
80998967,Movie
81085319,Movie
81053958,Movie
80223928,Movie
81065331,Movie
81012340,Movie
80194950,Movie
81094667,Movie
81080637,Movie
81093342,Movie
80184676,Movie
81024044,Movie
80995799,Movie
80200961,Movie
81038545,Movie
81033429,Movie
80188579,Movie
80200571,Movie
81002880,Movie
80169469,Movie
81033107,Movie
81037077,Movie
81041273,Movie
80192187,Movie
80214087,Movie
80200047,Movie
81061410,Movie
80121387,Movie
80227090,Movie
81113918,Movie
81029736,Movie
81051688,Movie
80173387,Movie
81030855,Movie
80996787,Movie
81076055,Movie
80237423,Movie
81093122,Movie
81039384,Movie
81128584,Movie
81136964,Movie
81110498,Movie
81060096,Movie
80996192,Movie
80195901,Movie
81018067,Movie
81131274,Movie
81027187,Movie
81110386,Movie
80216302,Movie
80993404,Movie
81123052,Movie
80245601,Movie
80242619,Movie
81147766,Movie
81088277,Movie
81002929,Movie
80221016,Movie
81092909,Movie
81070008,Movie
80203143,Movie
81068732,Movie
81098589,Movie
80240537,Movie
81030976,Movie
81017011,Movie
80213715,Movie
80198632,Movie
81028404,Movie
80198508,Movie
80994020,Movie
80997613,Movie
80998968,Movie
81003981,Movie
80221109,Movie
81145271,Movie
81044248,Movie
80221677,Movie
80238020,Movie
81130297,Movie
80237903,Movie
80134721,Movie
80988257,Movie
81147285,Movie
81235729,Movie
81093113,Movie
80997602,Movie
81144867,Movie
81127333,Movie
81050190,Movie
80218104,Movie
81221851,Movie
81113919,Movie
80202273,Movie
81103093,Movie
81211681,Movie
80991400,Movie
80231156,Movie
80191045,Movie
80216779,Movie
81026327,Movie
80224060,Movie
81027190,Movie
80244853,Movie
80199689,Movie
81004748,Movie
81157385,Movie
80223271,Movie
80223779,Movie
81029841,Movie
81188871,Movie
81177444,Movie
81161834,Movie
81038225,Movie
81109078,Movie
81078397,Movie
80221271,Movie
81167490,Movie
81043135,Movie
81044813,Movie
81150338,Movie
81164603,Movie
81045499,Movie
81164636,Movie
80208235,Movie
80244123,Movie
81104634,Movie
81014479,Movie
81108479,Movie
80174451,Movie
81070659,Movie
81135444,Movie
81001887,Movie
81210770,Movie
81060232,Movie
81037373,Movie
81036542,Movie
81148811,Movie
81217745,Movie
81165325,Movie
81217746,Movie
81184705,Movie
81169158,Movie
81156592,Movie
81091977,Movie
81153372,Movie
81112446,Movie
81088318,Movie
81143771,Movie
81034010,Movie
81141694,Movie
81167494,Movie
80999781,Movie
80997400,Movie
81046796,Movie
81140577,Movie
81145277,Movie
81155859,Movie
81147910,Movie
81155802,Movie
81151880,Movie
81151877,Movie
81151878,Movie
81045860,Movie
81150918,Movie
81155803,Movie
81092330,Movie
80231419,Movie
80235578,Movie
81154987,Movie
81004321,Movie
81147274,Movie
81147278,Movie
81146011,Movie
81091424,Movie
80232502,Movie
81088786,Movie
81091423,Movie
81034317,Movie
81029737,Movie
80227677,Movie
81026008,Movie
80992501,Movie
81076251,Movie
81076749,Movie
80174687,Movie
81010166,Movie
81033430,Movie
80202920,Movie
81080942,Movie
81006826,Movie
81013626,Movie
81090128,Movie
81041391,Movie
81018120,Movie
81019888,Movie
81026007,Movie
81021447,Movie
81086434,Movie
80988892,Movie
80239639,Movie
80159586,Movie
81113928,Movie
81052275,Movie
80201906,Movie
80198585,Movie
81011955,Movie
81004470,Movie
80157072,Movie
81016750,Movie
81132443,Movie
80215923,Movie
80208155,Movie
80208906,Movie
80211380,Movie
81172721,Movie
81172727,Movie
80102952,Movie
81132439,Movie
80987075,Movie
81018233,Movie
81018234,Movie
81016339,Movie
81089941,Movie
80217733,Movie
80188120,Movie
80164779,Movie
81037283,Movie
81132438,Movie
81023636,Movie
81001000,Movie
80244019,Movie
80991570,Movie
81031008,Movie
81065786,Movie
80082969,Movie
80994130,Movie
81019924,Movie
81018240,Movie
81014988,Movie
81011096,Movie
80239503,Movie
81020161,Movie
81016338,Movie
81017724,Movie
80242081,Movie
80168222,Movie
80199806,Movie
81110394,Movie
81000863,Movie
80211622,Movie
80990221,Movie
80235268,Movie
81025088,Movie
81110383,Movie
81018183,Movie
81071891,Movie
80224536,Movie
80994444,Movie
81043190,Movie
81020005,Movie
80215419,Movie
81172848,Movie
81034575,Movie
80226951,Movie
80232279,Movie
80239666,Movie
80148162,Movie
81172905,Movie
81172723,Movie
81172902,Movie
81026343,Movie
81157840,Movie
80244900,Movie
81020508,Movie
81019031,Movie
80158148,Movie
80239565,Movie
81021082,Movie
80240972,Movie
80210932,Movie
81015317,Movie
81164752,Movie
81025884,Movie
81024696,Movie
81018563,Movie
81018565,Movie
80190859,Movie
81003058,Movie
81034600,Movie
81029848,Movie
80238204,Movie
80230507,Movie
80990725,Movie
81004245,Movie
81039383,Movie
81018377,Movie
81021528,Movie
80991809,Movie
81172754,Movie
81172841,Movie
81172899,Movie
81172901,Movie
80239961,Movie
81018860,Movie
80199682,Movie
80988835,Movie
80989043,Movie
81021831,Movie
81021832,Movie
80239932,Movie
81020531,Movie
80242446,Movie
80085566,Movie
80124722,Movie
80177400,Movie
81004099,Movie
80200267,Movie
81217749,Movie
81035105,Movie
81038832,Movie
81030893,Movie
81035104,Movie
81035107,Movie
81028574,Movie
80222787,Movie
80244848,Movie
81074542,Movie
80215046,Movie
81179693,Movie
81083786,Movie
81189396,Movie
81024731,Movie
80224055,Movie
80232501,Movie
81044103,Movie
81072917,Movie
80213657,Movie
81016592,Movie
80177300,Movie
80189866,Movie
80195964,Movie
80213024,Movie
80244782,Movie
80144280,Movie
80241666,Movie
80244640,Movie
80992499,Movie
81087094,Movie
80221447,Movie
81034931,Movie
80202903,Movie
80192137,Movie
80195049,Movie
80186850,Movie
81057229,Movie
80151384,Movie
81005364,Movie
81103139,Movie
81096151,Movie
80161216,Movie
80218111,Movie
81103108,Movie
81038047,Movie
81110388,Movie
80220311,Movie
81110389,Movie
81123050,Movie
80243408,Movie
81094666,Movie
80186940,Movie
81077874,Movie
81039410,Movie
80192065,Movie
80143556,Movie
81092779,Movie
81092776,Movie
81092778,Movie
80216541,Movie
81076049,Movie
81069255,Movie
81094083,Movie
81049260,Movie
81017593,Movie
81021631,Movie
80241044,Movie
80232330,Movie
80238110,Movie
80224106,Movie
80233493,Movie
80152434,Movie
81074140,Movie
80189630,Movie
80238080,Movie
80170187,Movie
80221560,Movie
81044496,Movie
80117458,Movie
80143362,Movie
80183197,Movie
80148210,Movie
81038046,Movie
80202809,Movie
80169617,Movie
80242378,Movie
80171733,Movie
80991158,Movie
80195967,Movie
81048554,Movie
81033516,Movie
81075235,Movie
81072516,Movie
80192139,Movie
80192063,Movie
81047798,Movie
81019338,Movie
80204923,Movie
80223734,Movie
81013990,Movie
81074015,Movie
81004374,Movie
81024308,Movie
81031178,Movie
81034771,Movie
80226234,Movie
80189653,Movie
80135585,Movie
81059183,Movie
81024332,Movie
80987464,Movie
80207473,Movie
80990534,Movie
81045720,Movie
81083971,Movie
81016361,Movie
81055395,Movie
80167647,Movie
80232404,Movie
80168189,Movie
80244709,Movie
80194946,Movie
81025973,Movie
81113921,Movie
81013112,Movie
81035882,Movie
80996790,Movie
81145270,Movie
80198478,Movie
80191989,Movie
80238434,Movie
80217569,Movie
81130373,Movie
80241779,Movie
81002747,Movie
81075239,Movie
80200015,Movie
81090899,Movie
81095399,Movie
80160994,Movie
80993655,Movie
81017094,Movie
80241071,Movie
80233611,Movie
81092781,Movie
81001090,Movie
81083891,Movie
81092780,Movie
81092783,Movie
80998296,Movie
81113927,Movie
81002885,Movie
80991033,Movie
80244547,Movie
80184100,Movie
81035889,Movie
80221640,Movie
81032375,Movie
81077539,Movie
80168167,Movie
80221446,Movie
80192064,Movie
80176715,Movie
80168029,Movie
80245121,Movie
81039161,Movie
80192135,Movie
80236421,Movie
81092331,Movie
80173485,Movie
81005453,Movie
80213658,Movie
80232989,Movie
80225024,Movie
80213654,Movie
80158802,Movie
80195962,Movie
80186829,Movie
80190463,Movie
81092325,Movie
80232891,Movie
80180376,Movie
81113926,Movie
80217130,Movie
81155782,Movie
81011993,Movie
81153373,Movie
80988262,Movie
81011936,Movie
80167481,Movie
80214743,Movie
80991827,Movie
81024041,Movie
81121172,Movie
81121177,Movie
81121180,Movie
81121186,Movie
81060038,Movie
80997402,Movie
80115118,Movie
80180851,Movie
81002211,Movie
80222256,Movie
80993648,Movie
80190946,Movie
80198623,Movie
81062853,Movie
80220814,Movie
81046962,Movie
81048548,Movie
81045052,Movie
80998427,Movie
81000860,Movie
81030789,Movie
81047683,Movie
81049950,Movie
80221639,Movie
80220085,Movie
80244855,Movie
80220813,Movie
81026705,Movie
80122209,Movie
80998786,Movie
81057249,Movie
81031181,Movie
80107084,Movie
80196589,Movie
80192138,Movie
80239629,Movie
81023638,Movie
80233925,Movie
81021098,Movie
80192062,Movie
80208684,Movie
80195429,Movie
80158485,Movie
80198661,Movie
81038976,Movie
81023713,Movie
80191988,Movie
81026003,Movie
81045065,Movie
81050191,Movie
81047446,Movie
81000511,Movie
81044299,Movie
81173792,Movie
80990532,Movie
80173395,Movie
80187307,Movie
80245041,Movie
81035731,Movie
81085364,Movie
80239710,Movie
81045060,Movie
80131616,Movie
80174367,Movie
80217312,Movie
80117531,Movie
81059388,Movie
81029383,Movie
81034763,Movie
81010962,Movie
80159028,Movie
80134431,Movie
81002591,Movie
80109296,Movie
81045072,Movie
81047510,Movie
80134779,Movie
81051693,Movie
80191608,Movie
80119233,Movie
81071868,Movie
80236133,Movie
81069254,Movie
81060040,Movie
81005266,Movie
80219974,Movie
80217826,Movie
81024494,Movie
81057246,Movie
80191555,Movie
80184625,Movie
81052266,Movie
81050193,Movie
81045069,Movie
80216820,Movie
81026667,Movie
80992672,Movie
80988834,Movie
80167498,Movie
80227304,Movie
80241304,Movie
81045891,Movie
81048914,Movie
80220228,Movie
80208661,Movie
81063480,Movie
80225595,Movie
81016408,Movie
80201490,Movie
81001412,Movie
80993105,Movie
80999067,Movie
81003741,Movie
80244190,Movie
80211590,Movie
80187306,Movie
81213877,Movie
81213879,Movie
81213873,Movie
81213874,Movie
81026251,Movie
81031650,Movie
81006261,Movie
81012943,Movie
80185375,Movie
80244708,Movie
81094074,Movie
81172726,Movie
81029400,Movie
80219127,Movie
80989338,Movie
80999643,Movie
80196789,Movie
81020973,Movie
81019341,Movie
81172866,Movie
81001097,Movie
81008536,Movie
81036338,Movie
81018239,Movie
81045765,Movie
81018634,Movie
81048551,Movie
81039381,Movie
80232329,Movie
81025946,Movie
81034633,Movie
81034635,Movie
81045054,Movie
80240715,Movie
80222301,Movie
81172904,Movie
81172864,Movie
80995991,Movie
81217747,Movie
81002685,Movie
81018536,Movie
81015153,Movie
80166319,Movie
81074367,Movie
80245357,Movie
81065902,Movie
81145273,Movie
80992995,Movie
80234491,Movie
80114719,Movie
81091381,Movie
80209658,Movie
80174897,Movie
81003736,Movie
80238360,Movie
80144145,Movie
81155858,Movie
81144912,Movie
81016191,Movie
80202810,Movie
80201039,Movie
80203147,Movie
80223582,Movie
80243541,Movie
80209061,Movie
80202176,Movie
81005454,Movie
80223371,Movie
80175147,Movie
80239831,Movie
81065784,Movie
81050688,Movie
81103092,Movie
81085824,Movie
80993489,Movie
80238607,Movie
81001379,Movie
81001381,Movie
81001382,Movie
81013200,Movie
81026677,Movie
81074135,Movie
80989339,Movie
80130625,Movie
80096984,Movie
80209895,Movie
80189646,Movie
80191990,Movie
81086435,Movie
80119177,Movie
81062674,Movie
80217689,Movie
80235025,Movie
81015498,Movie
81094082,Movie
80164864,Movie
80183328,Movie
81093925,Movie
80217772,Movie
81066244,Movie
80991404,Movie
81094665,Movie
80205442,Movie
80226424,Movie
80158976,Movie
81073387,Movie
80207606,Movie
80192186,Movie
80216834,Movie
81037733,Movie
81088285,Movie
81026329,Movie
81034599,Movie
81086641,Movie
81009808,Movie
81060043,Movie
81024557,Movie
80152625,Movie
80175421,Movie
81019144,Movie
81087095,Movie
80158875,Movie
81088282,Movie
80210602,Movie
81088283,Movie
81052280,Movie
81088284,Movie
80125979,Movie
80164077,Movie
80169755,Movie
80182597,Movie
80177405,Movie
81173255,Movie
80187061,Movie
80128722,Movie
80104068,Movie
80151483,Movie
80992496,Movie
80103311,Movie
80196586,Movie
81172728,Movie
80190449,Movie
80163156,Movie
80192815,Movie
80190588,Movie
81016317,Movie
81018235,Movie
81018236,Movie
81018237,Movie
81018238,Movie
80067522,Movie
80192014,Movie
80198046,Movie
80158670,Movie
80184129,Movie
80187228,Movie
81165786,Movie
81005312,Movie
81013710,Movie
81005314,Movie
80242828,Movie
81004223,Movie
80198730,Movie
81016043,Movie
80139506,Movie
80168028,Movie
80173269,Movie
80196216,Movie
80170301,Movie
80208273,Movie
80192097,Movie
80191963,Movie
80218099,Movie
80199767,Movie
80191665,Movie
80161921,Movie
80224362,Movie
80189954,Movie
80117454,Movie
80158919,Movie
80135164,Movie
80113669,Movie
80218973,Movie
80171705,Movie
81172729,Movie
81132442,Movie
81172909,Movie
81047903,Movie
80177406,Movie
80211134,Movie
80204433,Movie
81025935,Movie
80193423,Movie
80190841,Movie
80206827,Movie
80187205,Movie
80183198,Movie
80164456,Movie
80174434,Movie
80134526,Movie
81132441,Movie
80205204,Movie
81003460,Movie
81043753,Movie
80173150,Movie
81012857,Movie
80215922,Movie
81024703,Movie
80104130,Movie
80187618,Movie
81024701,Movie
80158155,Movie
80202503,Movie
80162246,Movie
80194289,Movie
80191219,Movie
80236993,Movie
80167628,Movie
80204460,Movie
81172908,Movie
80226242,Movie
80219019,Movie
80125671,Movie
80174220,Movie
80196379,Movie
80203522,Movie
80208104,Movie
80134827,Movie
80127558,Movie
80158084,Movie
81215437,Movie
81215438,Movie
80177865,Movie
80160759,Movie
80209608,Movie
80182622,Movie
80175694,Movie
81037898,Movie
80224054,Movie
81035109,Movie
81035108,Movie
81028560,Movie
80122177,Movie
80191804,Movie
80191109,Movie
80205085,Movie
80131563,Movie
80237420,Movie
80183088,Movie
80198018,Movie
80127990,Movie
81063129,Movie
80153894,Movie
80210147,Movie
80224606,Movie
81025404,Movie
80182949,Movie
80201820,Movie
80156684,Movie
80174727,Movie
81035836,Movie
80134780,Movie
80221308,Movie
80235472,Movie
80106793,Movie
80124727,Movie
80117263,Movie
80209866,Movie
80167648,Movie
80189827,Movie
80133554,Movie
80176342,Movie
80167459,Movie
80164778,Movie
80068327,Movie
80220758,Movie
80134781,Movie
81035880,Movie
80990658,Movie
80133663,Movie
80182919,Movie
80115466,Movie
80142223,Movie
80133551,Movie
80994416,Movie
80994418,Movie
80117736,Movie
80114666,Movie
80157866,Movie
80161029,Movie
81059956,Movie
80213148,Movie
80993495,Movie
80192548,Movie
80103425,Movie
80170875,Movie
80990815,Movie
80990816,Movie
80241876,Movie
80990811,Movie
80206732,Movie
80223149,Movie
80179373,Movie
80233962,Movie
80220531,Movie
80178720,Movie
80209796,Movie
80190180,Movie
80150002,Movie
80174137,Movie
80214580,Movie
81004270,Movie
80224924,Movie
80176592,Movie
80142103,Movie
80115857,Movie
80201200,Movie
80134826,Movie
81047902,Movie
80216988,Movie
80206758,Movie
80162210,Movie
80082242,Movie
80999996,Movie
80245408,Movie
80164752,Movie
80218656,Movie
80189216,Movie
80108984,Movie
80171678,Movie
81050198,Movie
80239442,Movie
80237300,Movie
81060041,Movie
80206696,Movie
81010870,Movie
80134967,Movie
80216664,Movie
80017535,Movie
80219917,Movie
80174144,Movie
80220677,Movie
80229829,Movie
80097003,Movie
81069249,Movie
80175151,Movie
80214584,Movie
80224605,Movie
80188099,Movie
80236906,Movie
80235958,Movie
80238291,Movie
80238637,Movie
80188777,Movie
80238293,Movie
80132381,Movie
80202728,Movie
80244078,Movie
80201833,Movie
80103734,Movie
81035881,Movie
81035837,Movie
81035884,Movie
80186608,Movie
80169554,Movie
80121841,Movie
80220676,Movie
80109341,Movie
81091378,Movie
80091936,Movie
80133553,Movie
80192018,Movie
80171598,Movie
80191357,Movie
80155477,Movie
80167644,Movie
80027041,Movie
80151644,Movie
80185223,Movie
80158750,Movie
81136963,Movie
81035887,Movie
80131280,Movie
80991026,Movie
80187684,Movie
80160726,Movie
80158770,Movie
81035883,Movie
80176756,Movie
80168221,Movie
80222188,Movie
81062606,Movie
80994443,Movie
80245442,Movie
80190515,Movie
80196584,Movie
80158580,Movie
80108609,Movie
80139214,Movie
80158769,Movie
80158579,Movie
80148967,Movie
80158581,Movie
80119249,Movie
80117747,Movie
81039323,Movie
80170277,Movie
80162192,Movie
80992365,Movie
80195835,Movie
80171022,Movie
80185321,Movie
81035840,Movie
80244472,Movie
80183329,Movie
80167460,Movie
80993650,Movie
80113589,Movie
80149064,Movie
80171659,Movie
80180224,Movie
81121173,Movie
81121174,Movie
81121175,Movie
81121176,Movie
81121179,Movie
81121183,Movie
81121184,Movie
81121185,Movie
81121187,Movie
80182447,Movie
80994575,Movie
80994424,Movie
80994423,Movie
80217136,Movie
80994573,Movie
80994425,Movie
80994419,Movie
80994426,Movie
80994420,Movie
80206917,Movie
80994421,Movie
80994572,Movie
80996349,Movie
80184770,Movie
80191358,Movie
80213403,Movie
80233024,Movie
80173542,Movie
80097725,Movie
81037984,Movie
80153895,Movie
80188596,Movie
80224476,Movie
80133549,Movie
80134966,Movie
81048561,Movie
80109193,Movie
81047901,Movie
80099016,Movie
80190283,Movie
80194737,Movie
80193614,Movie
80117453,Movie
80124680,Movie
80214777,Movie
80100936,Movie
80192420,Movie
80198056,Movie
80174219,Movie
80117452,Movie
80152003,Movie
80169611,Movie
81045085,Movie
80202078,Movie
81044857,Movie
80223136,Movie
80189955,Movie
80222177,Movie
80224233,Movie
80168300,Movie
80228282,Movie
80096955,Movie
80108149,Movie
81036539,Movie
80170870,Movie
80109128,Movie
80187188,Movie
80117811,Movie
81140307,Movie
80214621,Movie
80245709,Movie
81046846,Movie
81052279,Movie
81052277,Movie
80195653,Movie
80197427,Movie
80167491,Movie
80206907,Movie
80228146,Movie
80221637,Movie
80197301,Movie
80217436,Movie
80184547,Movie
80184135,Movie
80159566,Movie
80178280,Movie
80151370,Movie
80201570,Movie
80225034,Movie
80201497,Movie
80198745,Movie
80124726,Movie
80190130,Movie
80226357,Movie
80133550,Movie
80188883,Movie
80175332,Movie
80214583,Movie
80213299,Movie
80109295,Movie
80100937,Movie
80223050,Movie
80198735,Movie
80134969,Movie
81031652,Movie
80217121,Movie
81063743,Movie
80177414,Movie
80226233,Movie
80214581,Movie
80223731,Movie
80211728,Movie
80209153,Movie
80989337,Movie
81043345,Movie
80208091,Movie
81067757,Movie
81067758,Movie
81043346,Movie
81050194,Movie
81071972,Movie
80081987,Movie
80134968,Movie
80994282,Movie
80220013,Movie
80205451,Movie
80195654,Movie
80170992,Movie
80172958,Movie
80174959,Movie
80178974,Movie
81172740,Movie
81172756,Movie
81068687,Movie
81172758,Movie
81172868,Movie
80185876,Movie
80187435,Movie
80988989,Movie
81213876,Movie
81221913,Movie
81213882,Movie
81217438,Movie
80210716,Movie
80168234,Movie
80184972,Movie
80218432,Movie
80194671,Movie
80097519,Movie
80141781,Movie
80182473,Movie
80214478,Movie
80182034,Movie
81000505,Movie
81037697,Movie
80171023,Movie
80168161,Movie
80119234,Movie
81172830,Movie
80223098,Movie
80232740,Movie
80206847,Movie
80164930,Movie
80205978,Movie
80189806,Movie
80206057,Movie
80218939,Movie
80175314,Movie
80145625,Movie
81213153,Movie
81213148,Movie
81213149,Movie
81036745,Movie
80177441,Movie
80210182,Movie
80218784,Movie
80218783,Movie
80223049,Movie
80217545,Movie
80216662,Movie
81172757,Movie
80158871,Movie
80191835,Movie
80194612,Movie
81035888,Movie
81009829,Movie
80182479,Movie
81217741,Movie
80191294,Movie
80208793,Movie
81217742,Movie
80187471,Movie
80158854,Movie
80203781,Movie
80191930,Movie
80173001,Movie
80171247,Movie
80176212,Movie
80128691,Movie
80203996,Movie
80203998,Movie
80203997,Movie
81035835,Movie
80208295,Movie
80124724,Movie
80168079,Movie
80155475,Movie
80994162,Movie
80173176,Movie
80193491,Movie
80184834,Movie
80177776,Movie
81016192,Movie
81016194,Movie
80164392,Movie
80122759,Movie
80224150,Movie
80128689,Movie
80185322,Movie
81016193,Movie
81016196,Movie
80201175,Movie
80199962,Movie
80146805,Movie
80087352,Movie
80173606,Movie
80190984,Movie
80199381,Movie
80185166,Movie
80039439,Movie
80188580,Movie
80142058,Movie
80160346,Movie
80998560,Movie
80232892,Movie
80998562,Movie
80998563,Movie
80998564,Movie
80993656,Movie
80998568,Movie
80998565,Movie
80998566,Movie
80998567,Movie
81014824,Movie
81002213,Movie
80195886,Movie
80179433,Movie
80169549,Movie
80208951,Movie
80134527,Movie
80222823,Movie
80226962,Movie
80185032,Movie
80194610,Movie
80161109,Movie
81092327,Movie
80175333,Movie
80198419,Movie
80164904,Movie
80128715,Movie
80164212,Movie
80162993,Movie
80164088,Movie
80182411,Movie
80133552,Movie
81014345,Movie
80238655,Movie
80118916,Movie
80146759,Movie
80187301,Movie
80215782,Movie
80172000,Movie
80164465,Movie
80117484,Movie
80189853,Movie
80160081,Movie
80126569,Movie
80172002,Movie
80133153,Movie
80142474,Movie
80103336,Movie
80209751,Movie
80202808,Movie
80226076,Movie
80190215,Movie
80245519,Movie
80245518,Movie
80100054,Movie
80182596,Movie
80152447,Movie
81016045,Movie
80147760,Movie
81160036,Movie
81012295,Movie
80173625,Movie
80166318,Movie
80108976,Movie
80162144,Movie
80106966,Movie
80099204,Movie
80150502,Movie
80203776,Movie
80143797,Movie
80161931,Movie
80149143,Movie
80058248,Movie
80092885,Movie
80108371,Movie
80227777,Movie
80142637,Movie
80192015,Movie
80088910,Movie
81165770,Movie
80162197,Movie
80160358,Movie
80141891,Movie
80183897,Movie
80177834,Movie
80121855,Movie
80190990,Movie
80103426,Movie
81016321,Movie
80115464,Movie
80041653,Movie
81016318,Movie
81004460,Movie
80141858,Movie
80145699,Movie
80207446,Movie
80092857,Movie
80094648,Movie
80066073,Movie
80123740,Movie
80123741,Movie
80123742,Movie
80095197,Movie
80173479,Movie
80131240,Movie
80091310,Movie
80117443,Movie
80144152,Movie
81172895,Movie
80992769,Movie
80201824,Movie
80203789,Movie
80142617,Movie
80201823,Movie
80115858,Movie
80203790,Movie
80201822,Movie
80123743,Movie
80097472,Movie
80148070,Movie
80155812,Movie
80075476,Movie
80103282,Movie
80127559,Movie
80147323,Movie
80137461,Movie
81024712,Movie
80152182,Movie
81024704,Movie
81024711,Movie
81025908,Movie
80141767,Movie
81024705,Movie
80112370,Movie
80095193,Movie
80118280,Movie
80135360,Movie
80150246,Movie
80095089,Movie
80116741,Movie
80162195,Movie
80106036,Movie
80112371,Movie
80208413,Movie
80128277,Movie
80098709,Movie
80107372,Movie
80106138,Movie
80109089,Movie
80148275,Movie
80127886,Movie
80173002,Movie
80114460,Movie
80117461,Movie
81227195,Movie
80141787,Movie
80049871,Movie
80103512,Movie
80077402,Movie
80124725,Movie
80108983,Movie
80160987,Movie
80117534,Movie
80115031,Movie
81028556,Movie
80136925,Movie
80117532,Movie
80147403,Movie
80091658,Movie
80134279,Movie
81170694,Movie
80097390,Movie
80155792,Movie
80203778,Movie
80103312,Movie
80202605,Movie
80203791,Movie
80157797,Movie
80179288,Movie
80203780,Movie
80097360,Movie
80006168,Movie
80217133,Movie
80101493,Movie
80063265,Movie
80117765,Movie
80165083,Movie
80121348,Movie
80117082,Movie
80097814,Movie
80108481,Movie
80098287,Movie
80157564,Movie
80178078,Movie
80120740,Movie
80161108,Movie
80150390,Movie
80990829,Movie
80990810,Movie
80245268,Movie
80228322,Movie
80134149,Movie
80115133,Movie
80165849,Movie
80103430,Movie
80103372,Movie
80095094,Movie
80156763,Movie
80156857,Movie
80097361,Movie
80176716,Movie
80132961,Movie
80182105,Movie
80173605,Movie
80101903,Movie
80107737,Movie
80152742,Movie
80152842,Movie
80097423,Movie
80180509,Movie
80145255,Movie
80105067,Movie
80145533,Movie
80170767,Movie
80222896,Movie
80101096,Movie
80126485,Movie
80144454,Movie
80148239,Movie
80162503,Movie
80150350,Movie
80160692,Movie
80157890,Movie
80135149,Movie
80100945,Movie
80207444,Movie
80156212,Movie
80092781,Movie
80132964,Movie
80117824,Movie
80076467,Movie
80049951,Movie
80031800,Movie
80158577,Movie
80100260,Movie
80192244,Movie
80226021,Movie
80147758,Movie
80241537,Movie
80241616,Movie
80239642,Movie
80117240,Movie
80098842,Movie
80145621,Movie
80100268,Movie
80141173,Movie
80134518,Movie
80134398,Movie
80160127,Movie
80156772,Movie
80184973,Movie
80106947,Movie
80082014,Movie
80158247,Movie
80238190,Movie
80238295,Movie
80172471,Movie
80165917,Movie
70155788,Movie
80103424,Movie
80172469,Movie
80097530,Movie
80092404,Movie
80159025,Movie
80079473,Movie
81035843,Movie
80223226,Movie
80144311,Movie
80109145,Movie
80117455,Movie
80132626,Movie
80106124,Movie
80134080,Movie
80108952,Movie
80191356,Movie
80097641,Movie
80097349,Movie
80143794,Movie
80128245,Movie
80166185,Movie
80108430,Movie
80121844,Movie
80164206,Movie
81035841,Movie
80132601,Movie
80114989,Movie
81092766,Movie
80097424,Movie
80998558,Movie
80144804,Movie
80106038,Movie
80107736,Movie
80121843,Movie
80177339,Movie
80097355,Movie
80099089,Movie
80093198,Movie
80155932,Movie
80155863,Movie
80107087,Movie
80115874,Movie
80154884,Movie
80095718,Movie
80993684,Movie
80096585,Movie
80064459,Movie
80102204,Movie
80171125,Movie
80117079,Movie
81113468,Movie
80994574,Movie
80167699,Movie
80107948,Movie
80093106,Movie
80171528,Movie
80093104,Movie
80106979,Movie
80150242,Movie
80077923,Movie
80096786,Movie
80200744,Movie
80125627,Movie
81037970,Movie
81037986,Movie
80002667,Movie
80148595,Movie
80038358,Movie
80134893,Movie
80097389,Movie
80117940,Movie
81047900,Movie
80148920,Movie
80163053,Movie
80079427,Movie
80149575,Movie
80144448,Movie
80119375,Movie
80133139,Movie
80118718,Movie
81047445,Movie
81044856,Movie
80154682,Movie
80116307,Movie
80106440,Movie
80144144,Movie
80106504,Movie
80141335,Movie
80115030,Movie
80113667,Movie
80098203,Movie
80099306,Movie
80135276,Movie
80108616,Movie
80195885,Movie
80208908,Movie
80138615,Movie
80131236,Movie
80139199,Movie
80208830,Movie
80155790,Movie
80154688,Movie
80117742,Movie
80152741,Movie
80097375,Movie
80118002,Movie
80153131,Movie
80094258,Movie
80059410,Movie
80157760,Movie
80123777,Movie
81017530,Movie
80103313,Movie
80159955,Movie
80214579,Movie
80039717,Movie
80100261,Movie
80992973,Movie
80057509,Movie
80118004,Movie
80117596,Movie
80098490,Movie
80121386,Movie
80158772,Movie
80152627,Movie
80149259,Movie
80107808,Movie
80123910,Movie
80103428,Movie
80113673,Movie
80106438,Movie
80159877,Movie
81043343,Movie
80144372,Movie
80152155,Movie
80167461,Movie
80134887,Movie
80147513,Movie
80103818,Movie
81059656,Movie
80106984,Movie
80104316,Movie
81059649,Movie
80141928,Movie
80198055,Movie
80163352,Movie
80217040,Movie
80171291,Movie
80093105,Movie
80127604,Movie
80156767,Movie
80159668,Movie
80152745,Movie
80167843,Movie
80098200,Movie
80156405,Movie
80103392,Movie
80098288,Movie
80126997,Movie
80117746,Movie
80142615,Movie
80115673,Movie
80105691,Movie
80104103,Movie
80117080,Movie
80115134,Movie
80098284,Movie
80022613,Movie
80163263,Movie
80103374,Movie
80151663,Movie
80098103,Movie
80134885,Movie
80136548,Movie
80097363,Movie
80131551,Movie
80132411,Movie
80107030,Movie
80163222,Movie
80117628,Movie
80115102,Movie
80098467,Movie
80098491,Movie
80155902,Movie
80105358,Movie
80108691,Movie
80144803,Movie
80127459,Movie
80125782,Movie
80197310,Movie
80218586,Movie
80203788,Movie
80227673,Movie
80098810,Movie
80104182,Movie
81172747,Movie
80139397,Movie
80107019,Movie
80124728,Movie
80205065,Movie
80104420,Movie
81001121,Movie
80144453,Movie
80135353,Movie
80191513,Movie
80104240,Movie
80149282,Movie
80154176,Movie
80080617,Movie
80184868,Movie
81001278,Movie
80138681,Movie
80167488,Movie
80142222,Movie
80156927,Movie
80108759,Movie
80057578,Movie
80104648,Movie
80163159,Movie
80152442,Movie
80161232,Movie
80097431,Movie
80057691,Movie
80163366,Movie
81036530,Movie
80163054,Movie
80134952,Movie
80162179,Movie
80087354,Movie
80099083,Movie
80104257,Movie
80234464,Movie
80153897,Movie
80138469,Movie
80118930,Movie
80162142,Movie
80168033,Movie
80124099,Movie
80094096,Movie
80190149,Movie
80190148,Movie
80147321,Movie
80151962,Movie
80190146,Movie
80114501,Movie
80187107,Movie
80167646,Movie
80185861,Movie
80109260,Movie
80202076,Movie
80091879,Movie
80105690,Movie
80161104,Movie
80098839,Movie
80227115,Movie
80227113,Movie
80227116,Movie
80227114,Movie
80157889,Movie
80048940,Movie
80096782,Movie
80158042,Movie
80117684,Movie
80106337,Movie
80174097,Movie
80112518,Movie
81035844,Movie
81035842,Movie
80097516,Movie
80180225,Movie
81086640,Movie
80141254,Movie
80168301,Movie
80098475,Movie
80156683,Movie
80141185,Movie
80171982,Movie
80156856,Movie
80108518,Movie
80149145,Movie
80106743,Movie
80233085,Movie
80141156,Movie
80207445,Movie
80987611,Movie
80245329,Movie
80124313,Movie
80156408,Movie
80131414,Movie
80144890,Movie
80106786,Movie
80115101,Movie
80141261,Movie
80125512,Movie
80104237,Movie
80093107,Movie
70299204,Movie
80057969,Movie
80046728,Movie
80057700,Movie
80045922,Movie
80058026,Movie
80162141,Movie
80095641,Movie
80052612,Movie
80019931,Movie
81002864,Movie
80060037,Movie
80059432,Movie
80066798,Movie
80037280,Movie
81003984,Movie
80205314,Movie
80106140,Movie
80106137,Movie
80102579,Movie
80114419,Movie
81002592,Movie
80084834,Movie
80067754,Movie
80045783,Movie
80081372,Movie
80064515,Movie
80062011,Movie
80205231,Movie
80017286,Movie
70295169,Movie
80039050,Movie
70295176,Movie
80038442,Movie
80039069,Movie
80046779,Movie
81035749,Movie
81035750,Movie
80043834,Movie
80089199,Movie
80043049,Movie
80044545,Movie
80070182,Movie
80203782,Movie
80126016,Movie
80202089,Movie
80201825,Movie
80123744,Movie
80075009,Movie
81016322,Movie
80048200,Movie
81024713,Movie
70303495,Movie
80084767,Movie
80084667,Movie
80062096,Movie
80031038,Movie
80065930,Movie
80075828,Movie
80063290,Movie
80094453,Movie
80092849,Movie
80038288,Movie
80057565,Movie
81002597,Movie
80080491,Movie
80046777,Movie
80147529,Movie
80159876,Movie
80107037,Movie
80080109,Movie
80081990,Movie
81215439,Movie
81214214,Movie
80079470,Movie
80046819,Movie
80075824,Movie
80196044,Movie
80058424,Movie
80060034,Movie
80057750,Movie
80058851,Movie
80067906,Movie
81015100,Movie
80076581,Movie
80079229,Movie
80080145,Movie
80216215,Movie
80144358,Movie
80093212,Movie
81035845,Movie
80059440,Movie
80087897,Movie
80038335,Movie
80011852,Movie
80080768,Movie
80057278,Movie
80082660,Movie
80028359,Movie
80208082,Movie
80990814,Movie
80990813,Movie
80176698,Movie
80165850,Movie
80068117,Movie
80106505,Movie
80083589,Movie
80093103,Movie
80102305,Movie
80107370,Movie
80095233,Movie
81010874,Movie
80075018,Movie
80079265,Movie
80038296,Movie
80011848,Movie
80085013,Movie
80049193,Movie
80131168,Movie
80095531,Movie
80095806,Movie
80058460,Movie
80081274,Movie
80134515,Movie
80134516,Movie
80134500,Movie
80134604,Movie
80134436,Movie
80134514,Movie
80134420,Movie
80134501,Movie
80160357,Movie
80156925,Movie
80223227,Movie
80238297,Movie
80223228,Movie
80196367,Movie
80238294,Movie
80238292,Movie
80223190,Movie
80144119,Movie
80092850,Movie
80093127,Movie
81035847,Movie
80114804,Movie
80015210,Movie
80161640,Movie
80038420,Movie
80173234,Movie
80076698,Movie
80038159,Movie
80037691,Movie
80094358,Movie
80104706,Movie
81092767,Movie
80048218,Movie
80245626,Movie
80158920,Movie
80093213,Movie
80103623,Movie
80048977,Movie
80228239,Movie
80049094,Movie
80049177,Movie
80025495,Movie
80023689,Movie
80038337,Movie
80053475,Movie
80022605,Movie
80029901,Movie
80037478,Movie
80145512,Movie
80073823,Movie
80028208,Movie
80049979,Movie
80106928,Movie
80081277,Movie
80097221,Movie
80148179,Movie
80106989,Movie
80044731,Movie
80992111,Movie
80094964,Movie
80187323,Movie
80053140,Movie
80105672,Movie
80108386,Movie
80085300,Movie
80079428,Movie
81037985,Movie
80213400,Movie
80081958,Movie
81047899,Movie
80057599,Movie
80049358,Movie
80228321,Movie
80105342,Movie
80128690,Movie
80081960,Movie
80032636,Movie
81084305,Movie
80095807,Movie
80066084,Movie
80999981,Movie
80016588,Movie
80147318,Movie
80119555,Movie
80044834,Movie
80038446,Movie
80065220,Movie
80061160,Movie
80092925,Movie
80094723,Movie
80065327,Movie
80050106,Movie
80013282,Movie
80119235,Movie
80071048,Movie
80023667,Movie
80013271,Movie
80201612,Movie
80082749,Movie
80065214,Movie
80157565,Movie
80046696,Movie
81012294,Movie
80080618,Movie
81059812,Movie
80060060,Movie
80091866,Movie
80095530,Movie
80160347,Movie
80081410,Movie
80042368,Movie
80087891,Movie
80044536,Movie
80082739,Movie
80083594,Movie
80052828,Movie
81172897,Movie
80126996,Movie
81036535,Movie
80142140,Movie
80058480,Movie
80039655,Movie
80090672,Movie
80058477,Movie
80074933,Movie
80057585,Movie
80104116,Movie
80220783,Movie
80018252,Movie
80106230,Movie
80093295,Movie
80142450,Movie
80093812,Movie
80085567,Movie
80065754,Movie
80039517,Movie
81149202,Movie
81024716,Movie
80106306,Movie
80203792,Movie
80203787,Movie
80118982,Movie
80149139,Movie
80114915,Movie
80073100,Movie
80204117,Movie
80204119,Movie
80204118,Movie
80044888,Movie
80050006,Movie
80165221,Movie
80042182,Movie
80059505,Movie
80115152,Movie
80163265,Movie
80115686,Movie
80087743,Movie
80209722,Movie
80021840,Movie
81002212,Movie
80176707,Movie
80068219,Movie
80163191,Movie
80184661,Movie
80078761,Movie
80114111,Movie
80044804,Movie
80100772,Movie
80106737,Movie
70296443,Movie
70301367,Movie
80014727,Movie
80081505,Movie
81002215,Movie
80041339,Movie
80190147,Movie
80081374,Movie
80104552,Movie
80094357,Movie
70295170,Movie
80231064,Movie
80081278,Movie
81066961,Movie
80036657,Movie
81035846,Movie
81043542,Movie
80029368,Movie
80081790,Movie
80064273,Movie
80058247,Movie
81083791,Movie
80063773,Movie
80041337,Movie
80049281,Movie
80081955,Movie
80085439,Movie
80064521,Movie
