show_id,date_added,added_year
81214114,"January 9, 2020",2020
80233408,"January 7, 2020",2020
81006825,"January 3, 2020",2020
81127902,"January 17, 2020",2020
81060049,"January 14, 2020",2020
81088083,"January 1, 2020",2020
81154455,"September 6, 2019",2019
81132437,"September 6, 2019",2019
81078908,"September 4, 2019",2019
81155784,"September 4, 2019",2019
81054495,"September 30, 2019",2019
80200087,"September 28, 2019",2019
81053892,"September 28, 2019",2019
80231903,"September 27, 2019",2019
81177238,"September 26, 2019",2019
81075519,"September 25, 2019",2019
81186758,"September 25, 2019",2019
81186757,"September 25, 2019",2019
81053953,"September 24, 2019",2019
81074113,"September 24, 2019",2019
81176200,"September 23, 2019",2019
80243600,"September 20, 2019",2019
81122669,"September 20, 2019",2019
81107545,"September 19, 2019",2019
81147293,"September 17, 2019",2019
80991316,"September 17, 2019",2019
81030342,"September 15, 2019",2019
81131761,"September 15, 2019",2019
81093951,"September 14, 2019",2019
80238013,"September 14, 2019",2019
81092328,"September 13, 2019",2019
81183572,"September 13, 2019",2019
80244973,"September 13, 2019",2019
81161230,"September 13, 2019",2019
81002412,"September 13, 2019",2019
81060174,"September 10, 2019",2019
81001494,"September 10, 2019",2019
81165769,"September 1, 2019",2019
81158575,"September 1, 2019",2019
80244311,"October 9, 2019",2019
81183570,"October 9, 2019",2019
80995737,"October 8, 2019",2019
81177367,"October 5, 2019",2019
81158574,"October 4, 2019",2019
80237905,"October 4, 2019",2019
81132440,"October 4, 2019",2019
81021243,"October 4, 2019",2019
81084225,"October 31, 2019",2019
81177371,"October 30, 2019",2019
81148672,"October 29, 2019",2019
81123469,"October 26, 2019",2019
80202352,"October 26, 2018",2018
81136744,"October 25, 2019",2019
80182014,"October 25, 2019",2019
81121023,"October 25, 2019",2019
81018455,"October 25, 2019",2019
81034741,"October 24, 2019",2019
81075461,"October 24, 2019",2019
80186796,"October 23, 2019",2019
81027753,"October 22, 2019",2019
81094801,"October 2, 2019",2019
80206910,"October 18, 2019",2019
80990336,"October 18, 2019",2019
80994011,"October 18, 2019",2019
80998890,"October 18, 2019",2019
81053240,"October 16, 2019",2019
81191228,"October 15, 2019",2019
80990869,"October 14, 2019",2019
81034012,"October 13, 2019",2019
81078819,"October 11, 2019",2019
80223997,"October 11, 2019",2019
81191666,"October 11, 2019",2019
81133621,"October 11, 2019",2019
81038598,"October 11, 2019",2019
81171871,"October 10, 2019",2019
81103033,"October 1, 2019",2019
81002876,"October 1, 2019",2019
80201542,"November 8, 2019",2019
81079723,"November 8, 2019",2019
81092045,"November 6, 2019",2019
81209203,"November 5, 2019",2019
81058497,"November 5, 2019",2019
81165326,"November 5, 2019",2019
81053961,"November 5, 2019",2019
81206389,"November 4, 2019",2019
81197050,"November 30, 2019",2019
81213894,"November 30, 2019",2019
81082007,"November 29, 2019",2019
81120982,"November 29, 2019",2019
81033086,"November 28, 2019",2019
81194544,"November 27, 2019",2019
80995081,"November 27, 2019",2019
81177504,"November 27, 2019",2019
80175798,"November 27, 2019",2019
81062293,"November 26, 2019",2019
80235524,"November 26, 2019",2019
81215481,"November 25, 2019",2019
81218079,"November 24, 2019",2019
80198859,"November 22, 2019",2019
81218074,"November 22, 2019",2019
81026188,"November 21, 2019",2019
80221584,"November 20, 2019",2019
81217738,"November 20, 2019",2019
80244683,"November 20, 2019",2019
81217739,"November 20, 2019",2019
81073633,"November 19, 2019",2019
80244457,"November 15, 2019",2019
81196441,"November 15, 2019",2019
81162089,"November 15, 2019",2019
81217737,"November 15, 2019",2019
81076114,"November 15, 2019",2019
80183187,"November 15, 2019",2019
81156627,"November 14, 2019",2019
81096745,"November 14, 2019",2019
81078466,"November 12, 2019",2019
81152923,"November 11, 2019",2019
80245356,"November 1, 2019",2019
81024100,"November 1, 2019",2019
81154982,"November 1, 2019",2019
81189912,"November 1, 2019",2019
80231468,"November 1, 2019",2019
81152930,"November 1, 2019",2019
81030409,"November 1, 2019",2019
80182016,"November 1, 2019",2019
81150305,"November 1, 2019",2019
81067760,"May 6, 2019",2019
80202874,"May 31, 2019",2019
80993095,"May 31, 2019",2019
80237006,"May 31, 2019",2019
81111849,"May 31, 2019",2019
81010699,"May 30, 2019",2019
81031939,"May 3, 2019",2019
81028570,"May 3, 2019",2019
80999729,"May 3, 2019",2019
81046255,"May 24, 2019",2019
80218306,"May 24, 2019",2019
80211638,"May 24, 2019",2019
81036190,"May 23, 2019",2019
81011598,"May 21, 2019",2019
81043473,"May 19, 2019",2019
81061407,"May 18, 2019",2019
80236341,"May 17, 2019",2019
81041271,"May 17, 2019",2019
80216758,"May 17, 2019",2019
80998967,"May 16, 2019",2019
81085319,"May 16, 2019",2019
81053958,"May 14, 2019",2019
80223928,"May 13, 2019",2019
81065331,"May 13, 2019",2019
81012340,"May 11, 2019",2019
80194950,"May 10, 2019",2019
81094667,"May 1, 2019",2019
81080637,"May 1, 2019",2019
81093342,"May 1, 2019",2019
80184676,"March 8, 2019",2019
81024044,"March 8, 2019",2019
80995799,"March 8, 2019",2019
80200961,"March 5, 2019",2019
81038545,"March 31, 2019",2019
81033429,"March 29, 2019",2019
80188579,"March 29, 2019",2019
80200571,"March 29, 2019",2019
81002880,"March 26, 2019",2019
80169469,"March 22, 2019",2019
81033107,"March 20, 2019",2019
81037077,"March 19, 2019",2019
81041273,"March 15, 2019",2019
80192187,"March 13, 2019",2019
80214087,"March 12, 2019",2019
80200047,"March 1, 2019",2019
81061410,"June 8, 2019",2019
80121387,"June 7, 2019",2019
80227090,"June 7, 2019",2019
81113918,"June 7, 2019",2019
81029736,"June 7, 2019",2019
81051688,"June 7, 2019",2019
80173387,"June 7, 2019",2019
81030855,"June 6, 2019",2019
80996787,"June 6, 2019",2019
81076055,"June 5, 2019",2019
80237423,"June 4, 2019",2019
81093122,"June 30, 2019",2019
81039384,"June 30, 2019",2019
81128584,"June 29, 2019",2019
81136964,"June 28, 2019",2019
81110498,"June 27, 2019",2019
81060096,"June 27, 2019",2019
80996192,"June 25, 2019",2019
80195901,"June 22, 2019",2019
81018067,"June 21, 2019",2019
81131274,"June 20, 2019",2019
81027187,"June 20, 2019",2019
81110386,"June 2, 2019",2019
80216302,"June 19, 2019",2019
80993404,"June 18, 2019",2019
81123052,"June 15, 2019",2019
80245601,"June 14, 2019",2019
80242619,"June 14, 2019",2019
81147766,"June 13, 2019",2019
81088277,"June 13, 2019",2019
81002929,"June 12, 2019",2019
80221016,"June 12, 2019",2019
81092909,"June 1, 2019",2019
81070008,"June 1, 2019",2019
80203143,"June 1, 2019",2019
81068732,"June 1, 2019",2019
81098589,"July 9, 2019",2019
80240537,"July 31, 2019",2019
81030976,"July 30, 2019",2019
81017011,"July 30, 2019",2019
80213715,"July 30, 2019",2019
80198632,"July 29, 2019",2019
81028404,"July 26, 2019",2019
80198508,"July 26, 2019",2019
80994020,"July 26, 2019",2019
80997613,"July 19, 2019",2019
80998968,"July 18, 2019",2019
81003981,"July 16, 2019",2019
80221109,"July 12, 2019",2019
81145271,"July 12, 2019",2019
81044248,"July 12, 2019",2019
80221677,"July 12, 2019",2019
80238020,"July 1, 2019",2019
81130297,"July 1, 2019",2019
80237903,"January 29, 2019",2019
80134721,"January 18, 2019",2019
80988257,"January 18, 2019",2019
81147285,"January 16, 2020",2020
81235729,"January 16, 2020",2020
81093113,"January 16, 2020",2020
80997602,"January 15, 2020",2020
81144867,"January 15, 2020",2020
81127333,"January 15, 2020",2020
81050190,"January 15, 2019",2019
80218104,"January 15, 2019",2019
81221851,"January 14, 2020",2020
81113919,"January 12, 2020",2020
80202273,"January 11, 2019",2019
81103093,"January 1, 2020",2020
81211681,"January 1, 2020",2020
80991400,"February 8, 2019",2019
80231156,"February 8, 2019",2019
80191045,"February 8, 2019",2019
80216779,"February 5, 2019",2019
81026327,"February 22, 2019",2019
80224060,"February 22, 2019",2019
81027190,"February 22, 2019",2019
80244853,"February 14, 2019",2019
80199689,"February 1, 2019",2019
81004748,"December 9, 2019",2019
81157385,"December 8, 2019",2019
80223271,"December 7, 2019",2019
80223779,"December 6, 2019",2019
81029841,"December 5, 2019",2019
81188871,"December 4, 2019",2019
81177444,"December 31, 2019",2019
81161834,"December 31, 2019",2019
81038225,"December 31, 2019",2019
81109078,"December 31, 2019",2019
81078397,"December 3, 2019",2019
80221271,"December 3, 2019",2019
81167490,"December 3, 2019",2019
81043135,"December 28, 2019",2019
81044813,"December 27, 2019",2019
81150338,"December 26, 2019",2019
81164603,"December 25, 2019",2019
81045499,"December 25, 2019",2019
81164636,"December 25, 2019",2019
80208235,"December 25, 2019",2019
80244123,"December 24, 2019",2019
81104634,"December 24, 2019",2019
81014479,"December 22, 2019",2019
81108479,"December 21, 2019",2019
80174451,"December 20, 2019",2019
81070659,"December 17, 2019",2019
81135444,"December 15, 2019",2019
81001887,"December 13, 2019",2019
81210770,"December 13, 2019",2019
81060232,"December 12, 2019",2019
81037373,"December 11, 2019",2019
81036542,"December 10, 2019",2019
81148811,"December 1, 2019",2019
81217745,"December 1, 2019",2019
81165325,"December 1, 2019",2019
81217746,"December 1, 2019",2019
81184705,"December 1, 2019",2019
81169158,"December 1, 2019",2019
81156592,"August 9, 2019",2019
81091977,"August 9, 2019",2019
81153372,"August 9, 2019",2019
81112446,"August 7, 2019",2019
81088318,"August 7, 2019",2019
81143771,"August 5, 2019",2019
81034010,"August 30, 2019",2019
81141694,"August 30, 2019",2019
81167494,"August 29, 2019",2019
80999781,"August 29, 2019",2019
80997400,"August 29, 2019",2019
81046796,"August 28, 2019",2019
81140577,"August 26, 2019",2019
81145277,"August 24, 2019",2019
81155859,"August 23, 2019",2019
81147910,"August 23, 2019",2019
81155802,"August 23, 2019",2019
81151880,"August 21, 2019",2019
81151877,"August 21, 2019",2019
81151878,"August 21, 2019",2019
81045860,"August 20, 2019",2019
81150918,"August 2, 2019",2019
81155803,"August 2, 2019",2019
81092330,"August 16, 2019",2019
80231419,"August 16, 2019",2019
80235578,"August 16, 2019",2019
81154987,"August 15, 2019",2019
81004321,"August 15, 2019",2019
81147274,"August 14, 2019",2019
81147278,"August 13, 2019",2019
81146011,"August 13, 2019",2019
81091424,"April 7, 2019",2019
80232502,"April 5, 2019",2019
81088786,"April 5, 2019",2019
81091423,"April 5, 2019",2019
81034317,"April 5, 2019",2019
81029737,"April 30, 2019",2019
80227677,"April 30, 2019",2019
81026008,"April 3, 2019",2019
80992501,"April 26, 2019",2019
81076251,"April 26, 2019",2019
81076749,"April 2, 2019",2019
80174687,"April 2, 2019",2019
81010166,"April 19, 2019",2019
81033430,"April 19, 2019",2019
80202920,"April 19, 2019",2019
81080942,"April 19, 2019",2019
81006826,"April 17, 2019",2019
81013626,"April 17, 2019",2019
81090128,"April 16, 2019",2019
81041391,"April 13, 2019",2019
81018120,"April 13, 2019",2019
81019888,"April 12, 2019",2019
81026007,"April 10, 2019",2019
81021447,"April 10, 2019",2019
81086434,"April 1, 2019",2019
80988892,"September 7, 2018",2018
80239639,"September 7, 2018",2018
80159586,"September 7, 2018",2018
81113928,"September 6, 2019",2019
81052275,"September 6, 2019",2019
80201906,"September 4, 2018",2018
80198585,"September 3, 2018",2018
81011955,"September 29, 2018",2018
81004470,"September 28, 2018",2018
80157072,"September 28, 2018",2018
81016750,"September 28, 2018",2018
81132443,"September 27, 2019",2019
80215923,"September 26, 2018",2018
80208155,"September 25, 2018",2018
80208906,"September 23, 2019",2019
80211380,"September 22, 2018",2018
81172721,"September 21, 2019",2019
81172727,"September 21, 2019",2019
80102952,"September 21, 2018",2018
81132439,"September 20, 2019",2019
80987075,"September 18, 2018",2018
81018233,"September 15, 2018",2018
81018234,"September 15, 2018",2018
81016339,"September 15, 2018",2018
81089941,"September 14, 2019",2019
80217733,"September 14, 2018",2018
80188120,"September 14, 2018",2018
80164779,"September 14, 2018",2018
81037283,"September 13, 2019",2019
81132438,"September 13, 2019",2019
81023636,"September 13, 2019",2019
81001000,"September 12, 2018",2018
80244019,"September 11, 2018",2018
80991570,"September 10, 2018",2018
81031008,"September 1, 2019",2019
81065786,"September 1, 2019",2019
80082969,"September 1, 2018",2018
80994130,"September 1, 2018",2018
81019924,"September 1, 2018",2018
81018240,"September 1, 2018",2018
81014988,"September 1, 2018",2018
81011096,"September 1, 2018",2018
80239503,"October 9, 2018",2018
81020161,"October 8, 2018",2018
81016338,"October 6, 2019",2019
81017724,"October 6, 2018",2018
80242081,"October 5, 2018",2018
80168222,"October 5, 2018",2018
80199806,"October 31, 2018",2018
81110394,"October 28, 2019",2019
81000863,"October 27, 2018",2018
80211622,"October 26, 2018",2018
80990221,"October 26, 2018",2018
80235268,"October 26, 2018",2018
81025088,"October 26, 2018",2018
81110383,"October 25, 2019",2019
81018183,"October 25, 2018",2018
81071891,"October 23, 2019",2019
80224536,"October 23, 2018",2018
80994444,"October 23, 2018",2018
81043190,"October 22, 2019",2019
81020005,"October 20, 2018",2018
80215419,"October 2, 2018",2018
81172848,"October 19, 2019",2019
81034575,"October 19, 2019",2019
80226951,"October 19, 2018",2018
80232279,"October 19, 2018",2018
80239666,"October 19, 2018",2018
80148162,"October 19, 2018",2018
81172905,"October 18, 2019",2019
81172723,"October 18, 2019",2019
81172902,"October 18, 2019",2019
81026343,"October 18, 2018",2018
81157840,"October 16, 2019",2019
80244900,"October 16, 2018",2018
81020508,"October 15, 2018",2018
81019031,"October 13, 2018",2018
80158148,"October 12, 2018",2018
80239565,"October 12, 2018",2018
81021082,"October 12, 2018",2018
80240972,"October 12, 2018",2018
80210932,"October 10, 2018",2018
81015317,"October 10, 2018",2018
81164752,"October 1, 2019",2019
81025884,"October 1, 2018",2018
81024696,"October 1, 2018",2018
81018563,"October 1, 2018",2018
81018565,"October 1, 2018",2018
80190859,"November 9, 2018",2018
81003058,"November 8, 2018",2018
81034600,"November 6, 2019",2019
81029848,"November 5, 2018",2018
80238204,"November 30, 2018",2018
80230507,"November 30, 2018",2018
80990725,"November 30, 2018",2018
81004245,"November 30, 2018",2018
81039383,"November 30, 2018",2018
81018377,"November 30, 2018",2018
81021528,"November 30, 2018",2018
80991809,"November 30, 2018",2018
81172754,"November 29, 2019",2019
81172841,"November 29, 2019",2019
81172899,"November 29, 2019",2019
81172901,"November 29, 2019",2019
80239961,"November 27, 2018",2018
81018860,"November 25, 2018",2018
80199682,"November 22, 2018",2018
80988835,"November 21, 2018",2018
80989043,"November 20, 2018",2018
81021831,"November 20, 2018",2018
81021832,"November 20, 2018",2018
80239932,"November 20, 2018",2018
81020531,"November 2, 2018",2018
80242446,"November 2, 2018",2018
80085566,"November 2, 2018",2018
80124722,"November 2, 2018",2018
80177400,"November 16, 2018",2018
81004099,"November 16, 2018",2018
80200267,"November 16, 2018",2018
81217749,"November 15, 2019",2019
81035105,"November 15, 2018",2018
81038832,"November 15, 2018",2018
81030893,"November 15, 2018",2018
81035104,"November 15, 2018",2018
81035107,"November 15, 2018",2018
81028574,"November 15, 2018",2018
80222787,"November 13, 2018",2018
80244848,"November 13, 2018",2018
81074542,"November 1, 2019",2019
80215046,"November 1, 2019",2019
81179693,"November 1, 2019",2019
81083786,"November 1, 2019",2019
81189396,"November 1, 2019",2019
81024731,"November 1, 2018",2018
80224055,"November 1, 2018",2018
80232501,"November 1, 2018",2018
81044103,"May 9, 2019",2019
81072917,"May 9, 2019",2019
80213657,"May 8, 2018",2018
81016592,"May 6, 2019",2019
80177300,"May 5, 2018",2018
80189866,"May 5, 2018",2018
80195964,"May 4, 2018",2018
80213024,"May 4, 2018",2018
80244782,"May 4, 2018",2018
80144280,"May 4, 2018",2018
80241666,"May 4, 2018",2018
80244640,"May 3, 2019",2019
80992499,"May 3, 2018",2018
81087094,"May 28, 2019",2019
80221447,"May 28, 2019",2019
81034931,"May 26, 2019",2019
80202903,"May 26, 2018",2018
80192137,"May 25, 2018",2018
80195049,"May 25, 2018",2018
80186850,"May 25, 2018",2018
81057229,"May 22, 2019",2019
80151384,"May 22, 2018",2018
81005364,"May 21, 2019",2019
81103139,"May 2, 2019",2019
81096151,"May 2, 2019",2019
80161216,"May 18, 2018",2018
80218111,"May 18, 2018",2018
81103108,"May 17, 2019",2019
81038047,"May 16, 2019",2019
81110388,"May 15, 2019",2019
80220311,"May 15, 2019",2019
81110389,"May 15, 2019",2019
81123050,"May 15, 2019",2019
80243408,"May 15, 2018",2018
81094666,"May 14, 2019",2019
80186940,"May 13, 2018",2018
81077874,"May 12, 2019",2019
81039410,"May 11, 2019",2019
80192065,"May 11, 2018",2018
80143556,"May 11, 2018",2018
81092779,"May 10, 2019",2019
81092776,"May 10, 2019",2019
81092778,"May 10, 2019",2019
80216541,"May 10, 2019",2019
81076049,"May 1, 2019",2019
81069255,"May 1, 2019",2019
81094083,"May 1, 2019",2019
81049260,"May 1, 2019",2019
81017593,"May 1, 2019",2019
81021631,"May 1, 2019",2019
80241044,"May 1, 2018",2018
80232330,"May 1, 2018",2018
80238110,"May 1, 2018",2018
80224106,"May 1, 2018",2018
80233493,"May 1, 2018",2018
80152434,"March 9, 2018",2018
81074140,"March 8, 2019",2019
80189630,"March 7, 2019",2019
80238080,"March 6, 2018",2018
80170187,"March 6, 2018",2018
80221560,"March 5, 2019",2019
81044496,"March 31, 2019",2019
80117458,"March 30, 2018",2018
80143362,"March 30, 2018",2018
80183197,"March 30, 2018",2018
80148210,"March 30, 2018",2018
81038046,"March 25, 2019",2019
80202809,"March 24, 2019",2019
80169617,"March 23, 2018",2018
80242378,"March 23, 2018",2018
80171733,"March 23, 2018",2018
80991158,"March 22, 2019",2019
80195967,"March 20, 2019",2019
81048554,"March 20, 2019",2019
81033516,"March 2, 2019",2019
81075235,"March 2, 2019",2019
81072516,"March 2, 2019",2019
80192139,"March 2, 2018",2018
80192063,"March 2, 2018",2018
81047798,"March 19, 2019",2019
81019338,"March 18, 2019",2019
80204923,"March 16, 2018",2018
80223734,"March 16, 2018",2018
81013990,"March 15, 2019",2019
81074015,"March 15, 2019",2019
81004374,"March 15, 2019",2019
81024308,"March 15, 2019",2019
81031178,"March 15, 2019",2019
81034771,"March 15, 2019",2019
80226234,"March 14, 2018",2018
80189653,"March 13, 2018",2018
80135585,"March 13, 2018",2018
81059183,"March 1, 2019",2019
81024332,"March 1, 2019",2019
80987464,"March 1, 2019",2019
80207473,"March 1, 2019",2019
80990534,"March 1, 2019",2019
81045720,"March 1, 2019",2019
81083971,"March 1, 2019",2019
81016361,"March 1, 2019",2019
81055395,"March 1, 2019",2019
80167647,"March 1, 2019",2019
80232404,"March 1, 2018",2018
80168189,"June 8, 2018",2018
80244709,"June 8, 2018",2018
80194946,"June 8, 2018",2018
81025973,"June 7, 2019",2019
81113921,"June 7, 2019",2019
81013112,"June 7, 2019",2019
81035882,"June 6, 2019",2019
80996790,"June 5, 2019",2019
81145270,"June 29, 2019",2019
80198478,"June 29, 2018",2018
80191989,"June 29, 2018",2018
80238434,"June 29, 2018",2018
80217569,"June 29, 2018",2018
81130373,"June 28, 2019",2019
80241779,"June 28, 2018",2018
81002747,"June 26, 2019",2019
81075239,"June 26, 2019",2019
80200015,"June 26, 2018",2018
81090899,"June 25, 2019",2019
81095399,"June 25, 2019",2019
80160994,"June 24, 2018",2018
80993655,"June 22, 2018",2018
81017094,"June 19, 2019",2019
80241071,"June 19, 2019",2019
80233611,"June 19, 2018",2018
81092781,"June 18, 2019",2019
81001090,"June 18, 2019",2019
81083891,"June 18, 2019",2019
81092780,"June 18, 2019",2019
81092783,"June 18, 2019",2019
80998296,"June 16, 2019",2019
81113927,"June 15, 2019",2019
81002885,"June 15, 2018",2018
80991033,"June 15, 2018",2018
80244547,"June 15, 2018",2018
80184100,"June 15, 2018",2018
81035889,"June 13, 2019",2019
80221640,"June 11, 2019",2019
81032375,"June 1, 2019",2019
81077539,"June 1, 2019",2019
80168167,"June 1, 2018",2018
80221446,"July 9, 2019",2019
80192064,"July 6, 2018",2018
80176715,"July 6, 2018",2018
80168029,"July 6, 2018",2018
80245121,"July 6, 2018",2018
81039161,"July 31, 2019",2019
80192135,"July 27, 2018",2018
80236421,"July 27, 2018",2018
81092331,"July 26, 2019",2019
80173485,"July 26, 2019",2019
81005453,"July 25, 2018",2018
80213658,"July 24, 2018",2018
80232989,"July 24, 2018",2018
80225024,"July 23, 2019",2019
80213654,"July 21, 2019",2019
80158802,"July 21, 2019",2019
80195962,"July 20, 2018",2018
80186829,"July 20, 2018",2018
80190463,"July 2, 2018",2018
81092325,"July 19, 2019",2019
80232891,"July 18, 2018",2018
80180376,"July 18, 2018",2018
81113926,"July 17, 2019",2019
80217130,"July 17, 2018",2018
81155782,"July 16, 2019",2019
81011993,"July 16, 2019",2019
81153373,"July 15, 2019",2019
80988262,"July 15, 2018",2018
81011936,"July 13, 2019",2019
80167481,"July 13, 2018",2018
80214743,"July 13, 2018",2018
80991827,"July 13, 2018",2018
81024041,"July 12, 2019",2019
81121172,"July 1, 2019",2019
81121177,"July 1, 2019",2019
81121180,"July 1, 2019",2019
81121186,"July 1, 2019",2019
81060038,"July 1, 2019",2019
80997402,"July 1, 2018",2018
80115118,"July 1, 2018",2018
80180851,"July 1, 2018",2018
81002211,"July 1, 2018",2018
80222256,"July 1, 2018",2018
80993648,"July 1, 2018",2018
80190946,"July 1, 2017",2017
80198623,"January 9, 2019",2019
81062853,"January 9, 2019",2019
80220814,"January 9, 2019",2019
81046962,"January 9, 2019",2019
81048548,"January 7, 2019",2019
81045052,"January 7, 2019",2019
80998427,"January 4, 2019",2019
81000860,"January 4, 2019",2019
81030789,"January 4, 2019",2019
81047683,"January 31, 2019",2019
81049950,"January 31, 2019",2019
80221639,"January 30, 2019",2019
80220085,"January 3, 2019",2019
80244855,"January 3, 2019",2019
80220813,"January 29, 2019",2019
81026705,"January 29, 2019",2019
80122209,"January 29, 2019",2019
80998786,"January 28, 2019",2019
81057249,"January 28, 2019",2019
81031181,"January 26, 2019",2019
80107084,"January 26, 2018",2018
80196589,"January 26, 2018",2018
80192138,"January 26, 2018",2018
80239629,"January 25, 2019",2019
81023638,"January 25, 2019",2019
80233925,"January 24, 2019",2019
81021098,"January 24, 2019",2019
80192062,"January 24, 2018",2018
80208684,"January 23, 2018",2018
80195429,"January 19, 2018",2018
80158485,"January 19, 2018",2018
80198661,"January 19, 2018",2018
81038976,"January 18, 2019",2019
81023713,"January 18, 2019",2019
80191988,"January 17, 2018",2018
81026003,"January 15, 2020",2020
81045065,"January 15, 2019",2019
81050191,"January 15, 2019",2019
81047446,"January 15, 2019",2019
81000511,"January 15, 2019",2019
81044299,"January 13, 2019",2019
81173792,"January 12, 2020",2020
80990532,"January 12, 2019",2019
80173395,"January 12, 2018",2018
80187307,"January 12, 2018",2018
80245041,"January 11, 2019",2019
81035731,"January 1, 2020",2020
81085364,"January 1, 2020",2020
80239710,"January 1, 2019",2019
81045060,"January 1, 2019",2019
80131616,"February 9, 2019",2019
80174367,"February 9, 2018",2018
80217312,"February 9, 2018",2018
80117531,"February 9, 2018",2018
81059388,"February 8, 2019",2019
81029383,"February 8, 2019",2019
81034763,"February 7, 2019",2019
81010962,"February 6, 2019",2019
80159028,"February 6, 2018",2018
80134431,"February 5, 2018",2018
81002591,"February 28, 2019",2019
80109296,"February 28, 2019",2019
81045072,"February 27, 2019",2019
81047510,"February 27, 2019",2019
80134779,"February 27, 2018",2018
81051693,"February 25, 2019",2019
80191608,"February 23, 2019",2019
80119233,"February 23, 2018",2018
81071868,"February 22, 2019",2019
80236133,"February 21, 2019",2019
81069254,"February 21, 2019",2019
81060040,"February 2, 2019",2019
81005266,"February 2, 2019",2019
80219974,"February 2, 2019",2019
80217826,"February 2, 2018",2018
81024494,"February 19, 2019",2019
81057246,"February 17, 2019",2019
80191555,"February 16, 2018",2018
80184625,"February 16, 2018",2018
81052266,"February 15, 2019",2019
81050193,"February 15, 2019",2019
81045069,"February 15, 2019",2019
80216820,"February 15, 2019",2019
81026667,"February 15, 2019",2019
80992672,"February 15, 2019",2019
80988834,"February 15, 2019",2019
80167498,"February 14, 2018",2018
80227304,"February 14, 2018",2018
80241304,"February 11, 2019",2019
81045891,"February 1, 2019",2019
81048914,"February 1, 2019",2019
80220228,"February 1, 2019",2019
80208661,"February 1, 2019",2019
81063480,"February 1, 2019",2019
80225595,"December 9, 2018",2018
81016408,"December 7, 2018",2018
80201490,"December 7, 2018",2018
81001412,"December 7, 2018",2018
80993105,"December 7, 2018",2018
80999067,"December 7, 2018",2018
81003741,"December 7, 2018",2018
80244190,"December 5, 2018",2018
80211590,"December 4, 2018",2018
80187306,"December 4, 2018",2018
81213877,"December 31, 2019",2019
81213879,"December 31, 2019",2019
81213873,"December 31, 2019",2019
81213874,"December 31, 2019",2019
81026251,"December 31, 2018",2018
81031650,"December 31, 2018",2018
81006261,"December 31, 2018",2018
81012943,"December 3, 2018",2018
80185375,"December 28, 2018",2018
80244708,"December 28, 2018",2018
81094074,"December 27, 2019",2019
81172726,"December 27, 2019",2019
81029400,"December 27, 2018",2018
80219127,"December 25, 2018",2018
80989338,"December 22, 2018",2018
80999643,"December 21, 2018",2018
80196789,"December 21, 2018",2018
81020973,"December 21, 2018",2018
81019341,"December 21, 2018",2018
81172866,"December 20, 2019",2019
81001097,"December 20, 2018",2018
81008536,"December 20, 2018",2018
81036338,"December 2, 2018",2018
81018239,"December 19, 2018",2018
81045765,"December 17, 2018",2018
81018634,"December 17, 2018",2018
81048551,"December 16, 2019",2019
81039381,"December 16, 2018",2018
80232329,"December 16, 2018",2018
81025946,"December 15, 2018",2018
81034633,"December 15, 2018",2018
81034635,"December 15, 2018",2018
81045054,"December 15, 2018",2018
80240715,"December 14, 2018",2018
80222301,"December 14, 2018",2018
81172904,"December 13, 2019",2019
81172864,"December 13, 2019",2019
80995991,"December 11, 2018",2018
81217747,"December 1, 2019",2019
81002685,"December 1, 2018",2018
81018536,"December 1, 2018",2018
81015153,"December 1, 2018",2018
80166319,"December 1, 2018",2018
81074367,"August 9, 2019",2019
80245357,"August 9, 2018",2018
81065902,"August 8, 2019",2019
81145273,"August 6, 2019",2019
80992995,"August 4, 2018",2018
80234491,"August 4, 2018",2018
80114719,"August 31, 2018",2018
81091381,"August 30, 2019",2019
80209658,"August 30, 2019",2019
80174897,"August 3, 2018",2018
81003736,"August 25, 2019",2019
80238360,"August 24, 2018",2018
80144145,"August 24, 2018",2018
81155858,"August 23, 2019",2019
81144912,"August 21, 2019",2019
81016191,"August 21, 2018",2018
80202810,"August 18, 2018",2018
80201039,"August 18, 2018",2018
80203147,"August 17, 2018",2018
80223582,"August 17, 2018",2018
80243541,"August 16, 2018",2018
80209061,"August 15, 2018",2018
80202176,"August 15, 2018",2018
81005454,"August 10, 2018",2018
80223371,"August 10, 2018",2018
80175147,"August 10, 2018",2018
80239831,"August 10, 2018",2018
81065784,"August 1, 2019",2019
81050688,"August 1, 2019",2019
81103092,"August 1, 2019",2019
81085824,"August 1, 2019",2019
80993489,"August 1, 2018",2018
80238607,"August 1, 2018",2018
81001379,"August 1, 2018",2018
81001381,"August 1, 2018",2018
81001382,"August 1, 2018",2018
81013200,"August 1, 2018",2018
81026677,"April 9, 2019",2019
81074135,"April 8, 2019",2019
80989339,"April 6, 2019",2019
80130625,"April 6, 2018",2018
80096984,"April 6, 2018",2018
80209895,"April 6, 2018",2018
80189646,"April 6, 2018",2018
80191990,"April 6, 2018",2018
81086435,"April 5, 2019",2019
80119177,"April 5, 2018",2018
81062674,"April 3, 2019",2019
80217689,"April 3, 2018",2018
80235025,"April 3, 2018",2018
81015498,"April 29, 2019",2019
81094082,"April 29, 2019",2019
80164864,"April 27, 2018",2018
80183328,"April 27, 2018",2018
81093925,"April 26, 2019",2019
80217772,"April 26, 2018",2018
81066244,"April 25, 2019",2019
80991404,"April 25, 2019",2019
81094665,"April 25, 2019",2019
80205442,"April 25, 2018",2018
80226424,"April 25, 2018",2018
80158976,"April 24, 2018",2018
81073387,"April 20, 2019",2019
80207606,"April 20, 2019",2019
80192186,"April 20, 2018",2018
80216834,"April 20, 2018",2018
81037733,"April 19, 2019",2019
81088285,"April 19, 2019",2019
81026329,"April 17, 2019",2019
81034599,"April 16, 2019",2019
81086641,"April 15, 2019",2019
81009808,"April 15, 2019",2019
81060043,"April 14, 2019",2019
81024557,"April 14, 2019",2019
80152625,"April 13, 2018",2018
80175421,"April 13, 2018",2018
81019144,"April 12, 2019",2019
81087095,"April 10, 2019",2019
80158875,"April 10, 2018",2018
81088282,"April 1, 2019",2019
80210602,"April 1, 2019",2019
81088283,"April 1, 2019",2019
81052280,"April 1, 2019",2019
81088284,"April 1, 2019",2019
80125979,"September 8, 2017",2017
80164077,"September 8, 2017",2017
80169755,"September 8, 2017",2017
80182597,"September 8, 2017",2017
80177405,"September 5, 2017",2017
81173255,"September 4, 2019",2019
80187061,"September 30, 2017",2017
80128722,"September 29, 2017",2017
80104068,"September 29, 2017",2017
80151483,"September 26, 2017",2017
80992496,"September 24, 2018",2018
80103311,"September 24, 2017",2017
80196586,"September 22, 2017",2017
81172728,"September 21, 2019",2019
80190449,"September 19, 2018",2018
80163156,"September 19, 2017",2017
80192815,"September 18, 2017",2017
80190588,"September 17, 2019",2019
81016317,"September 15, 2018",2018
81018235,"September 15, 2018",2018
81018236,"September 15, 2018",2018
81018237,"September 15, 2018",2018
81018238,"September 15, 2018",2018
80067522,"September 15, 2017",2017
80192014,"September 15, 2017",2017
80198046,"September 13, 2017",2017
80158670,"September 12, 2017",2017
80184129,"September 1, 2019",2019
80187228,"September 1, 2019",2019
81165786,"September 1, 2019",2019
81005312,"September 1, 2018",2018
81013710,"September 1, 2018",2018
81005314,"September 1, 2018",2018
80242828,"September 1, 2018",2018
81004223,"September 1, 2018",2018
80198730,"September 1, 2018",2018
81016043,"September 1, 2018",2018
80139506,"September 1, 2017",2017
80168028,"September 1, 2017",2017
80173269,"September 1, 2017",2017
80196216,"October 7, 2017",2017
80170301,"October 6, 2017",2017
80208273,"October 31, 2017",2017
80192097,"October 30, 2017",2017
80191963,"October 3, 2018",2018
80218099,"October 3, 2018",2018
80199767,"October 3, 2017",2017
80191665,"October 3, 2017",2017
80161921,"October 3, 2017",2017
80224362,"October 29, 2018",2018
80189954,"October 28, 2017",2017
80117454,"October 27, 2017",2017
80158919,"October 24, 2017",2017
80135164,"October 20, 2017",2017
80113669,"October 20, 2017",2017
80218973,"October 2, 2018",2018
80171705,"October 19, 2017",2017
81172729,"October 18, 2019",2019
81132442,"October 18, 2019",2019
81172909,"October 18, 2019",2019
81047903,"October 18, 2019",2019
80177406,"October 17, 2017",2017
80211134,"October 16, 2017",2017
80204433,"October 16, 2017",2017
81025935,"October 15, 2018",2018
80193423,"October 15, 2017",2017
80190841,"October 15, 2017",2017
80206827,"October 15, 2017",2017
80187205,"October 14, 2017",2017
80183198,"October 13, 2017",2017
80164456,"October 13, 2017",2017
80174434,"October 13, 2017",2017
80134526,"October 12, 2017",2017
81132441,"October 11, 2019",2019
80205204,"October 10, 2017",2017
81003460,"October 1, 2019",2019
81043753,"October 1, 2019",2019
80173150,"October 1, 2019",2019
81012857,"October 1, 2018",2018
80215922,"October 1, 2018",2018
81024703,"October 1, 2018",2018
80104130,"October 1, 2018",2018
80187618,"October 1, 2018",2018
81024701,"October 1, 2018",2018
80158155,"October 1, 2017",2017
80202503,"October 1, 2017",2017
80162246,"October 1, 2017",2017
80194289,"November 9, 2018",2018
80191219,"November 9, 2018",2018
80236993,"November 8, 2018",2018
80167628,"November 5, 2019",2019
80204460,"November 5, 2017",2017
81172908,"November 29, 2019",2019
80226242,"November 28, 2018",2018
80219019,"November 27, 2017",2017
80125671,"November 24, 2019",2019
80174220,"November 24, 2017",2017
80196379,"November 23, 2017",2017
80203522,"November 22, 2017",2017
80208104,"November 21, 2017",2017
80134827,"November 21, 2017",2017
80127558,"November 21, 2017",2017
80158084,"November 21, 2017",2017
81215437,"November 2, 2019",2019
81215438,"November 2, 2019",2019
80177865,"November 18, 2017",2017
80160759,"November 17, 2017",2017
80209608,"November 17, 2017",2017
80182622,"November 17, 2017",2017
80175694,"November 17, 2017",2017
81037898,"November 16, 2018",2018
80224054,"November 15, 2018",2018
81035109,"November 15, 2018",2018
81035108,"November 15, 2018",2018
81028560,"November 15, 2018",2018
80122177,"November 15, 2018",2018
80191804,"November 14, 2017",2017
80191109,"November 14, 2017",2017
80205085,"November 12, 2017",2017
80131563,"November 11, 2017",2017
80237420,"November 10, 2018",2018
80183088,"November 10, 2017",2017
80198018,"November 10, 2017",2017
80127990,"November 10, 2017",2017
81063129,"November 1, 2019",2019
80153894,"November 1, 2019",2019
80210147,"November 1, 2018",2018
80224606,"November 1, 2018",2018
81025404,"November 1, 2018",2018
80182949,"November 1, 2018",2018
80201820,"November 1, 2017",2017
80156684,"November 1, 2017",2017
80174727,"November 1, 2017",2017
81035836,"May 9, 2019",2019
80134780,"May 9, 2017",2017
80221308,"May 8, 2018",2018
80235472,"May 5, 2019",2019
80106793,"May 5, 2017",2017
80124727,"May 5, 2017",2017
80117263,"May 5, 2017",2017
80209866,"May 4, 2018",2018
80167648,"May 4, 2018",2018
80189827,"May 31, 2018",2018
80133554,"May 30, 2017",2017
80176342,"May 29, 2017",2017
80167459,"May 26, 2017",2017
80164778,"May 26, 2017",2017
80068327,"May 26, 2017",2017
80220758,"May 24, 2018",2018
80134781,"May 23, 2017",2017
81035880,"May 2, 2019",2019
80990658,"May 2, 2018",2018
80133663,"May 2, 2017",2017
80182919,"May 19, 2018",2018
80115466,"May 19, 2017",2017
80142223,"May 19, 2017",2017
80133551,"May 16, 2017",2017
80994416,"May 15, 2018",2018
80994418,"May 15, 2018",2018
80117736,"May 12, 2018",2018
80114666,"May 12, 2017",2017
80157866,"May 12, 2017",2017
80161029,"May 12, 2017",2017
81059956,"May 1, 2019",2019
80213148,"May 1, 2018",2018
80993495,"May 1, 2018",2018
80192548,"May 1, 2018",2018
80103425,"May 1, 2018",2018
80170875,"May 1, 2018",2018
80990815,"May 1, 2018",2018
80990816,"May 1, 2018",2018
80241876,"May 1, 2018",2018
80990811,"May 1, 2018",2018
80206732,"May 1, 2018",2018
80223149,"May 1, 2018",2018
80179373,"May 1, 2018",2018
80233962,"May 1, 2018",2018
80220531,"May 1, 2018",2018
80178720,"May 1, 2017",2017
80209796,"March 9, 2018",2018
80190180,"March 7, 2018",2018
80150002,"March 7, 2017",2017
80174137,"March 6, 2018",2018
80214580,"March 5, 2018",2018
81004270,"March 4, 2019",2019
80224924,"March 4, 2018",2018
80176592,"March 31, 2018",2018
80142103,"March 31, 2017",2017
80115857,"March 31, 2017",2017
80201200,"March 30, 2018",2018
80134826,"March 28, 2017",2017
81047902,"March 27, 2019",2019
80216988,"March 27, 2018",2018
80206758,"March 24, 2018",2018
80162210,"March 24, 2017",2017
80082242,"March 24, 2017",2017
80999996,"March 23, 2019",2019
80245408,"March 23, 2018",2018
80164752,"March 21, 2018",2018
80218656,"March 2, 2018",2018
80189216,"March 19, 2018",2018
80108984,"March 17, 2017",2017
80171678,"March 15, 2019",2019
81050198,"March 15, 2019",2019
80239442,"March 15, 2018",2018
80237300,"March 15, 2018",2018
81060041,"March 14, 2019",2019
80206696,"March 14, 2019",2019
81010870,"March 14, 2019",2019
80134967,"March 14, 2017",2017
80216664,"March 12, 2018",2018
80017535,"March 12, 2018",2018
80219917,"March 11, 2018",2018
80174144,"March 11, 2018",2018
80220677,"March 10, 2018",2018
80229829,"March 10, 2018",2018
80097003,"March 10, 2017",2017
81069249,"March 1, 2019",2019
80175151,"March 1, 2018",2018
80214584,"March 1, 2018",2018
80224605,"March 1, 2018",2018
80188099,"March 1, 2018",2018
80236906,"March 1, 2018",2018
80235958,"March 1, 2018",2018
80238291,"March 1, 2018",2018
80238637,"March 1, 2018",2018
80188777,"March 1, 2018",2018
80238293,"March 1, 2018",2018
80132381,"March 1, 2018",2018
80202728,"March 1, 2018",2018
80244078,"March 1, 2018",2018
80201833,"March 1, 2018",2018
80103734,"June 9, 2017",2017
81035881,"June 6, 2019",2019
81035837,"June 6, 2019",2019
81035884,"June 6, 2019",2019
80186608,"June 5, 2018",2018
80169554,"June 5, 2017",2017
80121841,"June 4, 2018",2018
80220676,"June 30, 2018",2018
80109341,"June 30, 2018",2018
81091378,"June 28, 2019",2019
80091936,"June 28, 2017",2017
80133553,"June 27, 2017",2017
80192018,"June 26, 2018",2018
80171598,"June 25, 2017",2017
80191357,"June 24, 2017",2017
80155477,"June 23, 2017",2017
80167644,"June 22, 2017",2017
80027041,"June 22, 2017",2017
80151644,"June 20, 2017",2017
80185223,"June 20, 2017",2017
80158750,"June 2, 2017",2017
81136963,"June 18, 2019",2019
81035887,"June 15, 2019",2019
80131280,"June 15, 2018",2018
80991026,"June 15, 2018",2018
80187684,"June 15, 2017",2017
80160726,"June 15, 2017",2017
80158770,"June 15, 2017",2017
81035883,"June 13, 2019",2019
80176756,"June 13, 2017",2017
80168221,"June 13, 2017",2017
80222188,"June 12, 2018",2018
81062606,"June 1, 2019",2019
80994443,"June 1, 2018",2018
80245442,"June 1, 2018",2018
80190515,"June 1, 2018",2018
80196584,"June 1, 2018",2018
80158580,"June 1, 2017",2017
80108609,"June 1, 2017",2017
80139214,"June 1, 2017",2017
80158769,"June 1, 2017",2017
80158579,"June 1, 2017",2017
80148967,"June 1, 2017",2017
80158581,"June 1, 2017",2017
80119249,"July 7, 2017",2017
80117747,"July 7, 2017",2017
81039323,"July 6, 2019",2019
80170277,"July 6, 2017",2017
80162192,"July 30, 2017",2017
80992365,"July 28, 2018",2018
80195835,"July 28, 2017",2017
80171022,"July 28, 2017",2017
80185321,"July 25, 2017",2017
81035840,"July 20, 2019",2019
80244472,"July 2, 2018",2018
80183329,"July 18, 2017",2017
80167460,"July 17, 2017",2017
80993650,"July 15, 2018",2018
80113589,"July 15, 2017",2017
80149064,"July 14, 2017",2017
80171659,"July 14, 2017",2017
80180224,"July 11, 2018",2018
81121173,"July 1, 2019",2019
81121174,"July 1, 2019",2019
81121175,"July 1, 2019",2019
81121176,"July 1, 2019",2019
81121179,"July 1, 2019",2019
81121183,"July 1, 2019",2019
81121184,"July 1, 2019",2019
81121185,"July 1, 2019",2019
81121187,"July 1, 2019",2019
80182447,"July 1, 2018",2018
80994575,"July 1, 2018",2018
80994424,"July 1, 2018",2018
80994423,"July 1, 2018",2018
80217136,"July 1, 2018",2018
80994573,"July 1, 2018",2018
80994425,"July 1, 2018",2018
80994419,"July 1, 2018",2018
80994426,"July 1, 2018",2018
80994420,"July 1, 2018",2018
80206917,"July 1, 2018",2018
80994421,"July 1, 2018",2018
80994572,"July 1, 2018",2018
80996349,"July 1, 2018",2018
80184770,"July 1, 2017",2017
80191358,"July 1, 2017",2017
80213403,"January 9, 2018",2018
80233024,"January 9, 2018",2018
80173542,"January 7, 2020",2020
80097725,"January 6, 2017",2017
81037984,"January 5, 2019",2019
80153895,"January 5, 2019",2019
80188596,"January 31, 2019",2019
80224476,"January 31, 2018",2018
80133549,"January 31, 2017",2017
80134966,"January 3, 2017",2017
81048561,"January 29, 2019",2019
80109193,"January 29, 2018",2018
81047901,"January 28, 2019",2019
80099016,"January 27, 2017",2017
80190283,"January 25, 2018",2018
80194737,"January 24, 2018",2018
80193614,"January 24, 2018",2018
80117453,"January 24, 2017",2017
80124680,"January 23, 2017",2017
80214777,"January 22, 2018",2018
80100936,"January 20, 2017",2017
80192420,"January 2, 2020",2020
80198056,"January 2, 2018",2018
80174219,"January 18, 2018",2018
80117452,"January 17, 2017",2017
80152003,"January 17, 2017",2017
80169611,"January 15, 2020",2020
81045085,"January 15, 2019",2019
80202078,"January 15, 2019",2019
81044857,"January 15, 2019",2019
80223136,"January 15, 2018",2018
80189955,"January 15, 2018",2018
80222177,"January 15, 2018",2018
80224233,"January 15, 2018",2018
80168300,"January 15, 2018",2018
80228282,"January 15, 2018",2018
80096955,"January 13, 2017",2017
80108149,"January 12, 2018",2018
81036539,"January 11, 2019",2019
80170870,"January 11, 2018",2018
80109128,"January 10, 2018",2018
80187188,"January 10, 2018",2018
80117811,"January 10, 2017",2017
81140307,"January 1, 2020",2020
80214621,"January 1, 2019",2019
80245709,"January 1, 2019",2019
81046846,"January 1, 2019",2019
81052279,"January 1, 2019",2019
81052277,"January 1, 2019",2019
80195653,"January 1, 2018",2018
80197427,"January 1, 2018",2018
80167491,"January 1, 2018",2018
80206907,"January 1, 2018",2018
80228146,"January 1, 2018",2018
80221637,"January 1, 2018",2018
80197301,"January 1, 2018",2018
80217436,"January 1, 2018",2018
80184547,"January 1, 2018",2018
80184135,"January 1, 2018",2018
80159566,"January 1, 2018",2018
80178280,"February 8, 2018",2018
80151370,"February 7, 2017",2017
80201570,"February 6, 2018",2018
80225034,"February 6, 2018",2018
80201497,"February 5, 2018",2018
80198745,"February 5, 2018",2018
80124726,"February 3, 2017",2017
80190130,"February 28, 2018",2018
80226357,"February 28, 2018",2018
80133550,"February 28, 2017",2017
80188883,"February 27, 2019",2019
80175332,"February 27, 2019",2019
80214583,"February 26, 2018",2018
80213299,"February 26, 2018",2018
80109295,"February 25, 2018",2018
80100937,"February 24, 2017",2017
80223050,"February 21, 2018",2018
80198735,"February 21, 2018",2018
80134969,"February 21, 2017",2017
81031652,"February 20, 2019",2019
80217121,"February 20, 2018",2018
81063743,"February 2, 2019",2019
80177414,"February 2, 2018",2018
80226233,"February 2, 2018",2018
80214581,"February 19, 2018",2018
80223731,"February 19, 2018",2018
80211728,"February 19, 2018",2018
80209153,"February 17, 2018",2018
80989337,"February 16, 2019",2019
81043345,"February 15, 2019",2019
80208091,"February 15, 2019",2019
81067757,"February 15, 2019",2019
81067758,"February 15, 2019",2019
81043346,"February 15, 2019",2019
81050194,"February 15, 2019",2019
81071972,"February 14, 2019",2019
80081987,"February 14, 2017",2017
80134968,"February 14, 2017",2017
80994282,"February 1, 2019",2019
80220013,"February 1, 2019",2019
80205451,"February 1, 2018",2018
80195654,"February 1, 2018",2018
80170992,"February 1, 2018",2018
80172958,"February 1, 2018",2018
80174959,"December 9, 2019",2019
80178974,"December 8, 2017",2017
81172740,"December 6, 2019",2019
81172756,"December 6, 2019",2019
81068687,"December 6, 2019",2019
81172758,"December 6, 2019",2019
81172868,"December 6, 2019",2019
80185876,"December 6, 2017",2017
80187435,"December 5, 2017",2017
80988989,"December 4, 2018",2018
81213876,"December 31, 2019",2019
81221913,"December 31, 2019",2019
81213882,"December 31, 2019",2019
81217438,"December 31, 2019",2019
80210716,"December 31, 2017",2017
80168234,"December 31, 2017",2017
80184972,"December 31, 2017",2017
80218432,"December 31, 2017",2017
80194671,"December 29, 2017",2017
80097519,"December 28, 2018",2018
80141781,"December 27, 2017",2017
80182473,"December 26, 2017",2017
80214478,"December 26, 2017",2017
80182034,"December 26, 2017",2017
81000505,"December 25, 2019",2019
81037697,"December 25, 2019",2019
80171023,"December 23, 2018",2018
80168161,"December 23, 2017",2017
80119234,"December 22, 2017",2017
81172830,"December 21, 2019",2019
80223098,"December 21, 2017",2017
80232740,"December 20, 2017",2017
80206847,"December 2, 2017",2017
80164930,"December 2, 2017",2017
80205978,"December 19, 2017",2017
80189806,"December 19, 2017",2017
80206057,"December 19, 2017",2017
80218939,"December 18, 2018",2018
80175314,"December 18, 2017",2017
80145625,"December 16, 2017",2017
81213153,"December 15, 2019",2019
81213148,"December 15, 2019",2019
81213149,"December 15, 2019",2019
81036745,"December 15, 2018",2018
80177441,"December 15, 2017",2017
80210182,"December 15, 2017",2017
80218784,"December 15, 2017",2017
80218783,"December 15, 2017",2017
80223049,"December 15, 2017",2017
80217545,"December 15, 2017",2017
80216662,"December 15, 2017",2017
81172757,"December 13, 2019",2019
80158871,"December 12, 2017",2017
80191835,"December 12, 2017",2017
80194612,"December 11, 2017",2017
81035888,"December 10, 2019",2019
81009829,"December 10, 2018",2018
80182479,"December 1, 2019",2019
81217741,"December 1, 2019",2019
80191294,"December 1, 2019",2019
80208793,"December 1, 2019",2019
81217742,"December 1, 2019",2019
80187471,"December 1, 2018",2018
80158854,"December 1, 2017",2017
80203781,"December 1, 2017",2017
80191930,"December 1, 2017",2017
80173001,"December 1, 2017",2017
80171247,"December 1, 2017",2017
80176212,"December 1, 2017",2017
80128691,"August 9, 2017",2017
80203996,"August 7, 2017",2017
80203998,"August 7, 2017",2017
80203997,"August 7, 2017",2017
81035835,"August 5, 2019",2019
80208295,"August 5, 2019",2019
80124724,"August 4, 2017",2017
80168079,"August 4, 2017",2017
80155475,"August 4, 2017",2017
80994162,"August 3, 2019",2019
80173176,"August 3, 2017",2017
80193491,"August 29, 2017",2017
80184834,"August 29, 2017",2017
80177776,"August 28, 2018",2018
81016192,"August 28, 2018",2018
81016194,"August 28, 2018",2018
80164392,"August 25, 2017",2017
80122759,"August 25, 2017",2017
80224150,"August 23, 2018",2018
80128689,"August 23, 2017",2017
80185322,"August 22, 2017",2017
81016193,"August 21, 2018",2018
81016196,"August 21, 2018",2018
80201175,"August 21, 2018",2018
80199962,"August 21, 2018",2018
80146805,"August 18, 2017",2017
80087352,"August 17, 2018",2018
80173606,"August 17, 2018",2018
80190984,"August 17, 2017",2017
80199381,"August 15, 2018",2018
80185166,"August 15, 2017",2017
80039439,"August 14, 2017",2017
80188580,"August 12, 2017",2017
80142058,"August 11, 2017",2017
80160346,"August 10, 2017",2017
80998560,"August 1, 2018",2018
80232892,"August 1, 2018",2018
80998562,"August 1, 2018",2018
80998563,"August 1, 2018",2018
80998564,"August 1, 2018",2018
80993656,"August 1, 2018",2018
80998568,"August 1, 2018",2018
80998565,"August 1, 2018",2018
80998566,"August 1, 2018",2018
80998567,"August 1, 2018",2018
81014824,"August 1, 2018",2018
81002213,"August 1, 2018",2018
80195886,"August 1, 2017",2017
80179433,"August 1, 2017",2017
80169549,"April 8, 2017",2017
80208951,"April 7, 2018",2018
80134527,"April 7, 2017",2017
80222823,"April 6, 2018",2018
80226962,"April 6, 2018",2018
80185032,"April 5, 2018",2018
80194610,"April 4, 2018",2018
80161109,"April 4, 2017",2017
81092327,"April 30, 2019",2019
80175333,"April 30, 2018",2018
80198419,"April 30, 2018",2018
80164904,"April 3, 2018",2018
80128715,"April 28, 2017",2017
80164212,"April 28, 2017",2017
80162993,"April 27, 2018",2018
80164088,"April 26, 2018",2018
80182411,"April 25, 2018",2018
80133552,"April 25, 2017",2017
81014345,"April 24, 2019",2019
80238655,"April 24, 2018",2018
80118916,"April 21, 2017",2017
80146759,"April 21, 2017",2017
80187301,"April 19, 2018",2018
80215782,"April 19, 2018",2018
80172000,"April 19, 2017",2017
80164465,"April 18, 2017",2017
80117484,"April 18, 2017",2017
80189853,"April 15, 2018",2018
80160081,"April 15, 2017",2017
80126569,"April 14, 2017",2017
80172002,"April 12, 2019",2019
80133153,"April 12, 2018",2018
80142474,"April 10, 2017",2017
80103336,"April 1, 2019",2019
80209751,"April 1, 2019",2019
80202808,"April 1, 2018",2018
80226076,"April 1, 2018",2018
80190215,"April 1, 2018",2018
80245519,"April 1, 2018",2018
80245518,"April 1, 2018",2018
80100054,"April 1, 2017",2017
80182596,"September 8, 2017",2017
80152447,"September 7, 2017",2017
81016045,"September 5, 2018",2018
80147760,"September 5, 2017",2017
81160036,"September 4, 2019",2019
81012295,"September 27, 2018",2018
80173625,"September 26, 2017",2017
80166318,"September 25, 2019",2019
80108976,"September 25, 2019",2019
80162144,"September 25, 2017",2017
80106966,"September 23, 2016",2016
80099204,"September 22, 2017",2017
80150502,"September 20, 2018",2018
80203776,"September 2, 2017",2017
80143797,"September 2, 2017",2017
80161931,"September 2, 2017",2017
80149143,"September 18, 2019",2019
80058248,"September 16, 2019",2019
80092885,"September 16, 2016",2016
80108371,"September 16, 2016",2016
80227777,"September 15, 2018",2018
80142637,"September 15, 2017",2017
80192015,"September 15, 2017",2017
80088910,"September 15, 2016",2016
81165770,"September 1, 2019",2019
80162197,"September 1, 2017",2017
80160358,"September 1, 2017",2017
80141891,"September 1, 2017",2017
80183897,"September 1, 2017",2017
80177834,"September 1, 2017",2017
80121855,"September 1, 2017",2017
80190990,"September 1, 2017",2017
80103426,"September 1, 2016",2016
81016321,"October 9, 2018",2018
80115464,"October 7, 2016",2016
80041653,"October 7, 2016",2016
81016318,"October 5, 2018",2018
81004460,"October 4, 2018",2018
80141858,"October 4, 2016",2016
80145699,"October 31, 2017",2017
80207446,"October 30, 2018",2018
80092857,"October 29, 2016",2016
80094648,"October 28, 2016",2016
80066073,"October 28, 2016",2016
80123740,"October 28, 2016",2016
80123741,"October 28, 2016",2016
80123742,"October 28, 2016",2016
80095197,"October 27, 2016",2016
80173479,"October 26, 2017",2017
80131240,"October 22, 2018",2018
80091310,"October 21, 2019",2019
80117443,"October 21, 2016",2016
80144152,"October 19, 2018",2018
81172895,"October 18, 2019",2019
80992769,"October 15, 2019",2019
80201824,"October 15, 2017",2017
80203789,"October 15, 2017",2017
80142617,"October 15, 2017",2017
80201823,"October 15, 2017",2017
80115858,"October 15, 2017",2017
80203790,"October 15, 2017",2017
80201822,"October 15, 2017",2017
80123743,"October 15, 2016",2016
80097472,"October 14, 2016",2016
80148070,"October 13, 2017",2017
80155812,"October 13, 2017",2017
80075476,"October 13, 2016",2016
80103282,"October 12, 2017",2017
80127559,"October 12, 2016",2016
80147323,"October 11, 2018",2018
80137461,"October 1, 2018",2018
81024712,"October 1, 2018",2018
80152182,"October 1, 2018",2018
81024704,"October 1, 2018",2018
81024711,"October 1, 2018",2018
81025908,"October 1, 2018",2018
80141767,"October 1, 2018",2018
81024705,"October 1, 2018",2018
80112370,"October 1, 2017",2017
80095193,"October 1, 2017",2017
80118280,"October 1, 2017",2017
80135360,"October 1, 2017",2017
80150246,"October 1, 2017",2017
80095089,"October 1, 2017",2017
80116741,"October 1, 2017",2017
80162195,"October 1, 2017",2017
80106036,"October 1, 2017",2017
80112371,"October 1, 2017",2017
80208413,"October 1, 2017",2017
80128277,"October 1, 2016",2016
80098709,"October 1, 2016",2016
80107372,"October 1, 2016",2016
80106138,"October 1, 2016",2016
80109089,"October 1, 2016",2016
80148275,"November 8, 2016",2016
80127886,"November 7, 2019",2019
80173002,"November 7, 2017",2017
80114460,"November 4, 2019",2019
80117461,"November 4, 2016",2016
81227195,"November 29, 2019",2019
80141787,"November 25, 2016",2016
80049871,"November 25, 2016",2016
80103512,"November 24, 2017",2017
80077402,"November 22, 2016",2016
80124725,"November 21, 2016",2016
80108983,"November 20, 2019",2019
80160987,"November 2, 2019",2019
80117534,"November 18, 2016",2016
80115031,"November 18, 2016",2016
81028556,"November 15, 2018",2018
80136925,"November 15, 2017",2017
80117532,"November 15, 2016",2016
80147403,"November 13, 2017",2017
80091658,"November 11, 2016",2016
80134279,"November 10, 2016",2016
81170694,"November 1, 2019",2019
80097390,"November 1, 2018",2018
80155792,"November 1, 2018",2018
80203778,"November 1, 2017",2017
80103312,"November 1, 2017",2017
80202605,"November 1, 2017",2017
80203791,"November 1, 2017",2017
80157797,"November 1, 2017",2017
80179288,"November 1, 2017",2017
80203780,"November 1, 2017",2017
80097360,"November 1, 2016",2016
80006168,"November 1, 2016",2016
80217133,"May 8, 2018",2018
80101493,"May 6, 2016",2016
80063265,"May 27, 2016",2016
80117765,"May 25, 2017",2017
80165083,"May 23, 2017",2017
80121348,"May 21, 2019",2019
80117082,"May 2, 2017",2017
80097814,"May 16, 2017",2017
80108481,"May 15, 2019",2019
80098287,"May 15, 2017",2017
80157564,"May 15, 2017",2017
80178078,"May 15, 2017",2017
80120740,"May 13, 2017",2017
80161108,"May 10, 2017",2017
80150390,"May 1, 2018",2018
80990829,"May 1, 2018",2018
80990810,"May 1, 2018",2018
80245268,"May 1, 2018",2018
80228322,"May 1, 2018",2018
80134149,"May 1, 2017",2017
80115133,"May 1, 2017",2017
80165849,"May 1, 2017",2017
80103430,"May 1, 2017",2017
80103372,"May 1, 2017",2017
80095094,"May 1, 2017",2017
80156763,"May 1, 2017",2017
80156857,"May 1, 2017",2017
80097361,"May 1, 2017",2017
80176716,"May 1, 2017",2017
80132961,"May 1, 2017",2017
80182105,"May 1, 2017",2017
80173605,"May 1, 2017",2017
80101903,"May 1, 2016",2016
80107737,"March 9, 2017",2017
80152742,"March 9, 2017",2017
80152842,"March 31, 2017",2017
80097423,"March 31, 2016",2016
80180509,"March 30, 2017",2017
80145255,"March 30, 2017",2017
80105067,"March 3, 2019",2019
80145533,"March 29, 2019",2019
80170767,"March 29, 2019",2019
80222896,"March 26, 2018",2018
80101096,"March 25, 2016",2016
80126485,"March 24, 2017",2017
80144454,"March 23, 2018",2018
80148239,"March 22, 2019",2019
80162503,"March 21, 2019",2019
80150350,"March 21, 2019",2019
80160692,"March 21, 2019",2019
80157890,"March 21, 2019",2019
80135149,"March 21, 2017",2017
80100945,"March 21, 2017",2017
80207444,"March 2, 2019",2019
80156212,"March 2, 2019",2019
80092781,"March 19, 2016",2016
80132964,"March 18, 2017",2017
80117824,"March 18, 2017",2017
80076467,"March 18, 2016",2016
80049951,"March 18, 2016",2016
80031800,"March 18, 2016",2016
80158577,"March 17, 2017",2017
80100260,"March 16, 2017",2017
80192244,"March 15, 2018",2018
80226021,"March 15, 2018",2018
80147758,"March 15, 2018",2018
80241537,"March 15, 2018",2018
80241616,"March 15, 2018",2018
80239642,"March 15, 2018",2018
80117240,"March 15, 2017",2017
80098842,"March 15, 2017",2017
80145621,"March 14, 2019",2019
80100268,"March 14, 2019",2019
80141173,"March 10, 2017",2017
80134518,"March 10, 2017",2017
80134398,"March 10, 2017",2017
80160127,"March 10, 2017",2017
80156772,"March 1, 2019",2019
80184973,"March 1, 2018",2018
80106947,"March 1, 2018",2018
80082014,"March 1, 2018",2018
80158247,"March 1, 2018",2018
80238190,"March 1, 2018",2018
80238295,"March 1, 2018",2018
80172471,"March 1, 2017",2017
80165917,"March 1, 2017",2017
70155788,"March 1, 2017",2017
80103424,"March 1, 2017",2017
80172469,"March 1, 2017",2017
80097530,"March 1, 2016",2016
80092404,"March 1, 2016",2016
80159025,"June 8, 2017",2017
80079473,"June 6, 2019",2019
81035843,"June 6, 2019",2019
80223226,"June 5, 2019",2019
80144311,"June 3, 2017",2017
80109145,"June 3, 2017",2017
80117455,"June 3, 2017",2017
80132626,"June 3, 2017",2017
80106124,"June 3, 2016",2016
80134080,"June 28, 2019",2019
80108952,"June 26, 2017",2017
80191356,"June 24, 2017",2017
80097641,"June 24, 2016",2016
80097349,"June 24, 2016",2016
80143794,"June 23, 2017",2017
80128245,"June 22, 2018",2018
80166185,"June 21, 2017",2017
80108430,"June 2, 2019",2019
80121844,"June 2, 2017",2017
80164206,"June 15, 2017",2017
81035841,"June 13, 2019",2019
80132601,"June 10, 2017",2017
80114989,"June 10, 2017",2017
81092766,"June 1, 2019",2019
80097424,"June 1, 2019",2019
80998558,"June 1, 2018",2018
80144804,"June 1, 2017",2017
80106038,"June 1, 2017",2017
80107736,"June 1, 2017",2017
80121843,"June 1, 2017",2017
80177339,"July 6, 2017",2017
80097355,"July 6, 2016",2016
80099089,"July 4, 2019",2019
80093198,"July 29, 2016",2016
80155932,"July 26, 2019",2019
80155863,"July 21, 2017",2017
80107087,"July 21, 2016",2016
80115874,"July 20, 2017",2017
80154884,"July 18, 2017",2017
80095718,"July 15, 2018",2018
80993684,"July 15, 2018",2018
80096585,"July 15, 2016",2016
80064459,"July 15, 2016",2016
80102204,"July 15, 2016",2016
80171125,"July 10, 2017",2017
80117079,"July 1, 2019",2019
81113468,"July 1, 2019",2019
80994574,"July 1, 2018",2018
80167699,"July 1, 2017",2017
80107948,"July 1, 2017",2017
80093106,"July 1, 2017",2017
80171528,"July 1, 2017",2017
80093104,"July 1, 2017",2017
80106979,"July 1, 2016",2016
80150242,"January 9, 2019",2019
80077923,"January 8, 2016",2016
80096786,"January 7, 2017",2017
80200744,"January 6, 2018",2018
80125627,"January 6, 2017",2017
81037970,"January 5, 2019",2019
81037986,"January 5, 2019",2019
80002667,"January 5, 2018",2018
80148595,"January 5, 2017",2017
80038358,"January 5, 2017",2017
80134893,"January 4, 2017",2017
80097389,"January 30, 2019",2019
80117940,"January 29, 2017",2017
81047900,"January 28, 2019",2019
80148920,"January 25, 2017",2017
80163053,"January 23, 2018",2018
80079427,"January 22, 2016",2016
80149575,"January 20, 2017",2017
80144448,"January 20, 2017",2017
80119375,"January 19, 2017",2017
80133139,"January 18, 2017",2017
80118718,"January 16, 2017",2017
81047445,"January 15, 2019",2019
81044856,"January 15, 2019",2019
80154682,"January 15, 2018",2018
80116307,"January 15, 2018",2018
80106440,"January 15, 2017",2017
80144144,"January 14, 2017",2017
80106504,"January 14, 2017",2017
80141335,"January 14, 2017",2017
80115030,"January 13, 2020",2020
80113667,"January 13, 2017",2017
80098203,"January 12, 2017",2017
80099306,"January 10, 2020",2020
80135276,"January 1, 2020",2020
80108616,"January 1, 2019",2019
80195885,"January 1, 2019",2019
80208908,"January 1, 2018",2018
80138615,"January 1, 2018",2018
80131236,"January 1, 2018",2018
80139199,"January 1, 2018",2018
80208830,"January 1, 2018",2018
80155790,"January 1, 2018",2018
80154688,"January 1, 2017",2017
80117742,"January 1, 2017",2017
80152741,"January 1, 2017",2017
80097375,"January 1, 2017",2017
80118002,"January 1, 2017",2017
80153131,"February 8, 2019",2019
80094258,"February 6, 2019",2019
80059410,"February 5, 2016",2016
80157760,"February 4, 2017",2017
80123777,"February 28, 2019",2019
81017530,"February 28, 2019",2019
80103313,"February 28, 2017",2017
80159955,"February 27, 2017",2017
80214579,"February 26, 2018",2018
80039717,"February 26, 2016",2016
80100261,"February 23, 2017",2017
80992973,"February 22, 2019",2019
80057509,"February 22, 2019",2019
80118004,"February 22, 2017",2017
80117596,"February 20, 2017",2017
80098490,"February 2, 2017",2017
80121386,"February 19, 2017",2017
80158772,"February 19, 2017",2017
80152627,"February 19, 2017",2017
80149259,"February 18, 2017",2017
80107808,"February 17, 2017",2017
80123910,"February 17, 2017",2017
80103428,"February 17, 2017",2017
80113673,"February 17, 2017",2017
80106438,"February 16, 2017",2017
80159877,"February 15, 2019",2019
81043343,"February 15, 2019",2019
80144372,"February 15, 2018",2018
80152155,"February 15, 2017",2017
80167461,"February 15, 2017",2017
80134887,"February 14, 2017",2017
80147513,"February 11, 2017",2017
80103818,"February 10, 2017",2017
81059656,"February 1, 2019",2019
80106984,"February 1, 2019",2019
80104316,"February 1, 2019",2019
81059649,"February 1, 2019",2019
80141928,"February 1, 2018",2018
80198055,"February 1, 2018",2018
80163352,"February 1, 2018",2018
80217040,"February 1, 2018",2018
80171291,"February 1, 2018",2018
80093105,"February 1, 2017",2017
80127604,"February 1, 2017",2017
80156767,"February 1, 2017",2017
80159668,"February 1, 2017",2017
80152745,"February 1, 2017",2017
80167843,"February 1, 2017",2017
80098200,"December 9, 2016",2016
80156405,"December 8, 2017",2017
80103392,"December 8, 2016",2016
80098288,"December 8, 2016",2016
80126997,"December 6, 2019",2019
80117746,"December 6, 2016",2016
80142615,"December 6, 2016",2016
80115673,"December 6, 2016",2016
80105691,"December 6, 2016",2016
80104103,"December 5, 2016",2016
80117080,"December 4, 2016",2016
80115134,"December 31, 2016",2016
80098284,"December 31, 2016",2016
80022613,"December 30, 2018",2018
80163263,"December 30, 2017",2017
80103374,"December 3, 2019",2019
80151663,"December 28, 2018",2018
80098103,"December 26, 2018",2018
80134885,"December 23, 2016",2016
80136548,"December 23, 2016",2016
80097363,"December 23, 2016",2016
80131551,"December 22, 2018",2018
80132411,"December 21, 2016",2016
80107030,"December 20, 2017",2017
80163222,"December 20, 2016",2016
80117628,"December 20, 2016",2016
80115102,"December 2, 2016",2016
80098467,"December 2, 2016",2016
80098491,"December 2, 2016",2016
80155902,"December 19, 2017",2017
80105358,"December 19, 2016",2016
80108691,"December 19, 2016",2016
80144803,"December 16, 2016",2016
80127459,"December 16, 2016",2016
80125782,"December 15, 2019",2019
80197310,"December 15, 2017",2017
80218586,"December 15, 2017",2017
80203788,"December 15, 2017",2017
80227673,"December 15, 2017",2017
80098810,"December 15, 2016",2016
80104182,"December 14, 2016",2016
81172747,"December 13, 2019",2019
80139397,"December 12, 2017",2017
80107019,"December 12, 2017",2017
80124728,"December 12, 2016",2016
80205065,"December 11, 2017",2017
80104420,"December 11, 2016",2016
81001121,"December 10, 2018",2018
80144453,"December 10, 2018",2018
80135353,"December 1, 2018",2018
80191513,"December 1, 2017",2017
80104240,"December 1, 2016",2016
80149282,"December 1, 2016",2016
80154176,"December 1, 2016",2016
80080617,"August 7, 2019",2019
80184868,"August 7, 2017",2017
81001278,"August 6, 2019",2019
80138681,"August 5, 2017",2017
80167488,"August 5, 2017",2017
80142222,"August 5, 2017",2017
80156927,"August 5, 2017",2017
80108759,"August 5, 2016",2016
80057578,"August 5, 2016",2016
80104648,"August 4, 2018",2018
80163159,"August 27, 2017",2017
80152442,"August 26, 2017",2017
80161232,"August 26, 2017",2017
80097431,"August 26, 2016",2016
80057691,"August 26, 2016",2016
80163366,"August 25, 2017",2017
81036530,"August 24, 2019",2019
80163054,"August 22, 2017",2017
80134952,"August 21, 2017",2017
80162179,"August 20, 2017",2017
80087354,"August 2, 2018",2018
80099083,"August 2, 2018",2018
80104257,"August 2, 2018",2018
80234464,"August 19, 2018",2018
80153897,"August 19, 2017",2017
80138469,"August 19, 2017",2017
80118930,"August 19, 2016",2016
80162142,"August 13, 2017",2017
80168033,"August 10, 2017",2017
80124099,"August 1, 2019",2019
80094096,"August 1, 2019",2019
80190149,"August 1, 2017",2017
80190148,"August 1, 2017",2017
80147321,"August 1, 2017",2017
80151962,"August 1, 2017",2017
80190146,"August 1, 2017",2017
80114501,"August 1, 2017",2017
80187107,"August 1, 2017",2017
80167646,"August 1, 2017",2017
80185861,"August 1, 2017",2017
80109260,"August 1, 2016",2016
80202076,"April 9, 2018",2018
80091879,"April 8, 2016",2016
80105690,"April 7, 2017",2017
80161104,"April 6, 2018",2018
80098839,"April 6, 2017",2017
80227115,"April 4, 2018",2018
80227113,"April 4, 2018",2018
80227116,"April 4, 2018",2018
80227114,"April 4, 2018",2018
80157889,"April 29, 2019",2019
80048940,"April 29, 2016",2016
80096782,"April 27, 2019",2019
80158042,"April 25, 2017",2017
80117684,"April 25, 2017",2017
80106337,"April 25, 2017",2017
80174097,"April 2, 2019",2019
80112518,"April 19, 2019",2019
81035844,"April 18, 2019",2019
81035842,"April 18, 2019",2019
80097516,"April 18, 2018",2018
80180225,"April 16, 2018",2018
81086640,"April 15, 2019",2019
80141254,"April 15, 2017",2017
80168301,"April 15, 2017",2017
80098475,"April 15, 2016",2016
80156683,"April 14, 2017",2017
80141185,"April 14, 2017",2017
80171982,"April 14, 2017",2017
80156856,"April 14, 2017",2017
80108518,"April 12, 2019",2019
80149145,"April 12, 2017",2017
80106743,"April 11, 2017",2017
80233085,"April 1, 2019",2019
80141156,"April 1, 2019",2019
80207445,"April 1, 2019",2019
80987611,"April 1, 2018",2018
80245329,"April 1, 2018",2018
80124313,"April 1, 2018",2018
80156408,"April 1, 2018",2018
80131414,"April 1, 2017",2017
80144890,"April 1, 2017",2017
80106786,"April 1, 2017",2017
80115101,"April 1, 2017",2017
80141261,"April 1, 2017",2017
80125512,"April 1, 2017",2017
80104237,"April 1, 2017",2017
80093107,"April 1, 2017",2017
70299204,"September 8, 2017",2017
80057969,"September 8, 2017",2017
80046728,"September 8, 2017",2017
80057700,"September 8, 2017",2017
80045922,"September 8, 2015",2015
80058026,"September 6, 2018",2018
80162141,"September 6, 2017",2017
80095641,"September 6, 2016",2016
80052612,"September 4, 2018",2018
80019931,"September 29, 2015",2015
81002864,"September 28, 2018",2018
80060037,"September 27, 2017",2017
80059432,"September 22, 2015",2015
80066798,"September 18, 2015",2015
80037280,"September 17, 2018",2018
81003984,"September 1, 2018",2018
80205314,"September 1, 2017",2017
80106140,"September 1, 2016",2016
80106137,"September 1, 2016",2016
80102579,"September 1, 2016",2016
80114419,"September 1, 2016",2016
81002592,"October 6, 2018",2018
80084834,"October 31, 2018",2018
80067754,"October 28, 2018",2018
80045783,"October 27, 2015",2015
80081372,"October 25, 2019",2019
80064515,"October 25, 2017",2017
80062011,"October 25, 2015",2015
80205231,"October 24, 2018",2018
80017286,"October 23, 2017",2017
70295169,"October 22, 2019",2019
80039050,"October 22, 2019",2019
70295176,"October 22, 2019",2019
80038442,"October 22, 2015",2015
80039069,"October 2, 2017",2017
80046779,"October 2, 2015",2015
81035749,"October 19, 2018",2018
81035750,"October 19, 2018",2018
80043834,"October 16, 2019",2019
80089199,"October 16, 2016",2016
80043049,"October 16, 2015",2015
80044545,"October 16, 2015",2015
80070182,"October 16, 2015",2015
80203782,"October 15, 2017",2017
80126016,"October 15, 2017",2017
80202089,"October 15, 2017",2017
80201825,"October 15, 2017",2017
80123744,"October 15, 2016",2016
80075009,"October 14, 2015",2015
81016322,"October 11, 2018",2018
80048200,"October 1, 2018",2018
81024713,"October 1, 2018",2018
70303495,"October 1, 2018",2018
80084767,"October 1, 2018",2018
80084667,"October 1, 2018",2018
80062096,"October 1, 2017",2017
80031038,"October 1, 2017",2017
80065930,"October 1, 2017",2017
80075828,"October 1, 2017",2017
80063290,"October 1, 2017",2017
80094453,"October 1, 2016",2016
80092849,"October 1, 2016",2016
80038288,"October 1, 2016",2016
80057565,"November 8, 2018",2018
81002597,"November 8, 2018",2018
80080491,"November 7, 2018",2018
80046777,"November 7, 2018",2018
80147529,"November 25, 2018",2018
80159876,"November 22, 2019",2019
80107037,"November 22, 2016",2016
80080109,"November 21, 2018",2018
80081990,"November 20, 2019",2019
81215439,"November 2, 2019",2019
81214214,"November 2, 2019",2019
80079470,"November 18, 2015",2015
80046819,"November 16, 2019",2019
80075824,"November 15, 2018",2018
80196044,"November 15, 2018",2018
80058424,"November 13, 2015",2015
80060034,"November 12, 2018",2018
80057750,"November 1, 2018",2018
80058851,"November 1, 2018",2018
80067906,"November 1, 2018",2018
81015100,"November 1, 2018",2018
80076581,"November 1, 2018",2018
80079229,"November 1, 2017",2017
80080145,"November 1, 2017",2017
80216215,"November 1, 2017",2017
80144358,"November 1, 2016",2016
80093212,"November 1, 2016",2016
81035845,"May 9, 2019",2019
80059440,"May 8, 2016",2016
80087897,"May 5, 2016",2016
80038335,"May 22, 2015",2015
80011852,"May 22, 2015",2015
80080768,"May 18, 2019",2019
80057278,"May 10, 2017",2017
80082660,"May 10, 2017",2017
80028359,"May 10, 2015",2015
80208082,"May 1, 2019",2019
80990814,"May 1, 2018",2018
80990813,"May 1, 2018",2018
80176698,"May 1, 2017",2017
80165850,"May 1, 2017",2017
80068117,"May 1, 2017",2017
80106505,"May 1, 2017",2017
80083589,"May 1, 2017",2017
80093103,"May 1, 2016",2016
80102305,"May 1, 2016",2016
80107370,"March 9, 2017",2017
80095233,"March 9, 2016",2016
81010874,"March 7, 2019",2019
80075018,"March 7, 2019",2019
80079265,"March 7, 2016",2016
80038296,"March 6, 2015",2015
80011848,"March 6, 2015",2015
80085013,"March 4, 2019",2019
80049193,"March 4, 2019",2019
80131168,"March 31, 2017",2017
80095531,"March 2, 2019",2019
80095806,"March 2, 2017",2017
80058460,"March 18, 2016",2016
80081274,"March 14, 2017",2017
80134515,"March 10, 2017",2017
80134516,"March 10, 2017",2017
80134500,"March 10, 2017",2017
80134604,"March 10, 2017",2017
80134436,"March 10, 2017",2017
80134514,"March 10, 2017",2017
80134420,"March 10, 2017",2017
80134501,"March 10, 2017",2017
80160357,"March 10, 2017",2017
80156925,"March 1, 2019",2019
80223227,"March 1, 2018",2018
80238297,"March 1, 2018",2018
80223228,"March 1, 2018",2018
80196367,"March 1, 2018",2018
80238294,"March 1, 2018",2018
80238292,"March 1, 2018",2018
80223190,"March 1, 2018",2018
80144119,"March 1, 2017",2017
80092850,"March 1, 2016",2016
80093127,"March 1, 2016",2016
81035847,"June 6, 2019",2019
80114804,"June 4, 2019",2019
80015210,"June 29, 2015",2015
80161640,"June 26, 2017",2017
80038420,"June 23, 2015",2015
80173234,"June 20, 2017",2017
80076698,"June 18, 2016",2016
80038159,"June 17, 2017",2017
80037691,"June 16, 2019",2019
80094358,"June 16, 2017",2017
80104706,"June 15, 2017",2017
81092767,"June 1, 2019",2019
80048218,"June 1, 2018",2018
80245626,"June 1, 2018",2018
80158920,"June 1, 2017",2017
80093213,"June 1, 2016",2016
80103623,"June 1, 2016",2016
80048977,"July 8, 2016",2016
80228239,"July 26, 2019",2019
80049094,"July 26, 2018",2018
80049177,"July 26, 2018",2018
80025495,"July 26, 2018",2018
80023689,"July 26, 2018",2018
80038337,"July 26, 2018",2018
80053475,"July 26, 2018",2018
80022605,"July 26, 2018",2018
80029901,"July 26, 2018",2018
80037478,"July 26, 2018",2018
80145512,"July 24, 2017",2017
80073823,"July 19, 2018",2018
80028208,"July 17, 2015",2015
80049979,"July 15, 2018",2018
80106928,"July 15, 2016",2016
80081277,"July 14, 2018",2018
80097221,"July 14, 2016",2016
80148179,"July 13, 2017",2017
80106989,"July 10, 2016",2016
80044731,"July 10, 2015",2015
80992111,"July 1, 2018",2018
80094964,"July 1, 2017",2017
80187323,"July 1, 2017",2017
80053140,"July 1, 2016",2016
80105672,"July 1, 2016",2016
80108386,"July 1, 2016",2016
80085300,"July 1, 2016",2016
80079428,"January 7, 2017",2017
81037985,"January 5, 2019",2019
80213400,"January 5, 2018",2018
80081958,"January 31, 2017",2017
81047899,"January 28, 2019",2019
80057599,"January 16, 2020",2020
80049358,"January 16, 2020",2020
80228321,"January 15, 2018",2018
80105342,"January 15, 2017",2017
80128690,"January 15, 2017",2017
80081960,"January 12, 2017",2017
80032636,"January 1, 2020",2020
81084305,"January 1, 2020",2020
80095807,"January 1, 2020",2020
80066084,"January 1, 2020",2020
80999981,"January 1, 2019",2019
80016588,"January 1, 2019",2019
80147318,"January 1, 2017",2017
80119555,"February 8, 2017",2017
80044834,"February 6, 2016",2016
80038446,"February 5, 2017",2017
80065220,"February 4, 2016",2016
80061160,"February 28, 2017",2017
80092925,"February 27, 2019",2019
80094723,"February 27, 2019",2019
80065327,"February 27, 2019",2019
80050106,"February 27, 2019",2019
80013282,"February 27, 2015",2015
80119235,"February 26, 2017",2017
80071048,"February 25, 2017",2017
80023667,"February 24, 2016",2016
80013271,"February 16, 2019",2019
80201612,"February 15, 2018",2018
80082749,"February 15, 2017",2017
80065214,"February 15, 2017",2017
80157565,"February 15, 2017",2017
80046696,"February 14, 2016",2016
81012294,"February 12, 2019",2019
80080618,"February 1, 2019",2019
81059812,"February 1, 2019",2019
80060060,"February 1, 2017",2017
80091866,"February 1, 2017",2017
80095530,"February 1, 2017",2017
80160347,"December 9, 2016",2016
80081410,"December 9, 2015",2015
80042368,"December 4, 2015",2015
80087891,"December 30, 2018",2018
80044536,"December 3, 2016",2016
80082739,"December 28, 2015",2015
80083594,"December 26, 2015",2015
80052828,"December 25, 2018",2018
81172897,"December 20, 2019",2019
80126996,"December 20, 2019",2019
81036535,"December 20, 2018",2018
80142140,"December 20, 2016",2016
80058480,"December 2, 2018",2018
80039655,"December 18, 2015",2015
80090672,"December 17, 2015",2015
80058477,"December 16, 2019",2019
80074933,"December 15, 2019",2019
80057585,"December 15, 2019",2019
80104116,"December 15, 2017",2017
80220783,"December 15, 2017",2017
80018252,"December 15, 2017",2017
80106230,"December 15, 2017",2017
80093295,"December 15, 2016",2016
80142450,"December 15, 2016",2016
80093812,"December 15, 2016",2016
80085567,"December 15, 2015",2015
80065754,"December 11, 2018",2018
80039517,"December 11, 2015",2015
81149202,"December 1, 2019",2019
81024716,"December 1, 2018",2018
80106306,"December 1, 2018",2018
80203792,"December 1, 2017",2017
80203787,"December 1, 2017",2017
80118982,"December 1, 2016",2016
80149139,"December 1, 2016",2016
80114915,"December 1, 2016",2016
80073100,"December 1, 2015",2015
80204117,"August 7, 2017",2017
80204119,"August 7, 2017",2017
80204118,"August 7, 2017",2017
80044888,"August 6, 2019",2019
80050006,"August 6, 2019",2019
80165221,"August 6, 2017",2017
80042182,"August 31, 2017",2017
80059505,"August 28, 2017",2017
80115152,"August 25, 2016",2016
80163265,"August 21, 2017",2017
80115686,"August 20, 2016",2016
80087743,"August 2, 2018",2018
80209722,"August 19, 2018",2018
80021840,"August 16, 2019",2019
81002212,"August 15, 2018",2018
80176707,"August 15, 2018",2018
80068219,"August 15, 2017",2017
80163191,"August 15, 2017",2017
80184661,"August 15, 2017",2017
80078761,"August 15, 2016",2016
80114111,"August 15, 2016",2016
80044804,"August 14, 2015",2015
80100772,"August 13, 2016",2016
80106737,"August 12, 2017",2017
70296443,"August 10, 2017",2017
70301367,"August 1, 2019",2019
80014727,"August 1, 2019",2019
80081505,"August 1, 2019",2019
81002215,"August 1, 2018",2018
80041339,"August 1, 2018",2018
80190147,"August 1, 2017",2017
80081374,"August 1, 2017",2017
80104552,"August 1, 2016",2016
80094357,"April 9, 2016",2016
70295170,"April 6, 2019",2019
80231064,"April 4, 2018",2018
80081278,"April 26, 2017",2017
81066961,"April 2, 2019",2019
80036657,"April 2, 2017",2017
81035846,"April 18, 2019",2019
81043542,"April 17, 2019",2019
80029368,"April 17, 2015",2015
80081790,"April 15, 2017",2017
80064273,"April 15, 2016",2016
80058247,"April 15, 2016",2016
81083791,"April 1, 2019",2019
80063773,"April 1, 2019",2019
80041337,"April 1, 2018",2018
80049281,"April 1, 2018",2018
80081955,"April 1, 2017",2017
80085439,"April 1, 2016",2016
80064521,"April 1, 2016",2016
